name,price,category_main,category_sub,img_path,product_no,page_link
삼성 창문형 에어컨,28900,계절가전,에어컨,https://cjhello-hirental.co.kr//cjhello-hirental.co.kr/web/product/big/202503/f4b852173ecdbe0a0374053c3c01e599.jpg,2214,https://cjhello-hirental.co.kr/product/detail.html?product_no=2214&cate_no=53&display_group=1
삼성 벽걸이 에어컨,32900,계절가전,에어컨,https://cjhello-hirental.co.kr//cjhello-hirental.co.kr/web/product/big/202411/16142ffee3bac3a97d3db06c84eaadc4.jpg,2205,https://cjhello-hirental.co.kr/product/detail.html?product_no=2205&cate_no=53&display_group=1
LG벽걸이에어컨,30900,계절가전,에어컨,https://cjhello-hirental.co.kr//cjhello-hirental.co.kr/web/product/big/202411/96987e05a60416fde9f1faa4f822a8b8.jpg,2204,https://cjhello-hirental.co.kr/product/detail.html?product_no=2204&cate_no=53&display_group=1
삼성 냉난방기,100900,계절가전,에어컨,https://cjhello-hirental.co.kr//cjhello-hirental.co.kr/web/product/big/202310/175b98758fa8e3c1a8c970fcb429015b.jpg,2185,https://cjhello-hirental.co.kr/product/detail.html?product_no=2185&cate_no=53&display_group=1
LG 휘센 오브제컬렉션 위너 18평 에어컨,44900,계절가전,에어컨,https://cjhello-hirental.co.kr//cjhello-hirental.co.kr/web/product/big/202407/6cd41c34a3677a64f7c50bf1be3ff256.jpg,2182,
LG 에어컨,50900,계절가전,에어컨,https://cjhello-hirental.co.kr//cjhello-hirental.co.kr/web/product/big/202407/962cf11e92b78769412d766e17498eb0.jpg,2181,
삼성무풍에어컨,60900,계절가전,에어컨,https://cjhello-hirental.co.kr//cjhello-hirental.co.kr/web/product/big/202407/a20cb9146f9e835d7655667bfe740f39.jpg,2180,
위닉스 창문형 에어컨,25900,계절가전,에어컨,https://cjhello-hirental.co.kr//cjhello-hirental.co.kr/web/product/big/202407/5763c68954deee2153036c79ff13136c.jpg,2179,https://cjhello-hirental.co.kr/product/detail.html?product_no=2175&cate_no=53&display_group=1
삼성 창문형 에어컨,28900,계절가전,에어컨,https://cjhello-hirental.co.kr//cjhello-hirental.co.kr/web/product/big/202407/83bc88c9531524b8d096eb5d69fc88f0.jpg,2178,
위닉스 창문형 에어컨,25900,계절가전,에어컨,https://cjhello-hirental.co.kr//cjhello-hirental.co.kr/web/product/big/202407/87a408b4b132ec3186c380bdac06c6f0.jpg,2175,https://cjhello-hirental.co.kr/product/detail.html?product_no=2175&cate_no=53&display_group=1
LG헬로렌탈 삼성 에어컨 2in1 무풍클래식  화이트 17+6평 AF17B7939WZWRS-헬로하이렌탈,72900,계절가전,에어컨,https://cjhello-hirental.co.kr//cjhello-hirental.co.kr/web/product/big/202405/b3f75a198d008894ce0e8e329b86c356.jpg,2171,https://cjhello-hirental.co.kr/product/detail.html?product_no=2171&cate_no=53&display_group=1
LG헬로렌탈 삼성에어컨 비스포크 Q9000 2in1 17평+6평형 AF17B6474WZRS-헬로하이렌탈,55900,계절가전,에어컨,https://cjhello-hirental.co.kr//cjhello-hirental.co.kr/web/product/big/202405/2e94f03b37b46444a25dee597cce5445.jpg,2170,https://cjhello-hirental.co.kr/product/detail.html?product_no=2170&cate_no=53&display_group=1
삼성 에어컨,45900,계절가전,에어컨,https://cjhello-hirental.co.kr//cjhello-hirental.co.kr/web/product/big/202405/b67eae6f8b707c0103a8f744504fc367.jpg,2169,
LG헬로렌탈 삼성 30평형 냉난방기 스탠드형  AP110BAPPBH2S  36개월 48개월 60개월 약정 등록비면제-헬로하이렌탈,95900,계절가전,에어컨,https://cjhello-hirental.co.kr//cjhello-hirental.co.kr/web/product/big/202310/175b98758fa8e3c1a8c970fcb429015b.jpg,2083,https://cjhello-hirental.co.kr/product/detail.html?product_no=2083&cate_no=53&display_group=1
LG헬로렌탈 삼성 23평형 냉난방기 스탠드형  AP083BAPPBH2S  36개월 48개월 60개월 약정 등록비면제-헬로하이렌탈,73900,계절가전,에어컨,https://cjhello-hirental.co.kr//cjhello-hirental.co.kr/web/product/big/202310/3aed450fe2f8b1aadc91ef9ff699679b.jpg,2082,https://cjhello-hirental.co.kr/product/detail.html?product_no=2082&cate_no=53&display_group=1
LG헬로렌탈 삼성 인버터 냉난방기 18평형 스탠드형  AP072BAPPBH2S-헬로하이렌탈,68900,계절가전,에어컨,https://cjhello-hirental.co.kr//cjhello-hirental.co.kr/web/product/big/202310/3aed450fe2f8b1aadc91ef9ff699679b.jpg,2081,https://cjhello-hirental.co.kr/product/detail.html?product_no=2081&cate_no=53&display_group=1
삼성 냉난방기,63900,계절가전,에어컨,https://cjhello-hirental.co.kr//cjhello-hirental.co.kr/web/product/big/202310/3aed450fe2f8b1aadc91ef9ff699679b.jpg,2080,
"LG헬로비전 위니아 2023 NEW 에어블 2in1 17+7평형 에어컨 WPVS17HAPBRLM 36,48,60개월 약정 등록비면제-헬로하이렌탈",65900,계절가전,에어컨,https://cjhello-hirental.co.kr//cjhello-hirental.co.kr/web/product/big/202308/d8f8688ed2840d9be4c946d6627f6165.jpg,2020,
LG헬로비전렌탈 LG 냉난방기 벽걸이형 13평 SW16BAKWAS 36개월 48개월 60개월 약정 등록비면제-헬로하이렌탈,57900,계절가전,에어컨,https://cjhello-hirental.co.kr//cjhello-hirental.co.kr/web/product/big/202009/b48df72626f366b997811ed7b38b620c.jpg,2013,
LG헬로비전렌탈 LG 냉난방기 벽걸이형 13평 SW13BAKWAS 36개월 48개월 60개월 약정 등록비면제-헬로하이렌탈,48900,계절가전,에어컨,https://cjhello-hirental.co.kr//cjhello-hirental.co.kr/web/product/big/202009/b48df72626f366b997811ed7b38b620c.jpg,2012,
헬로렌탈 LG 에어컨기 스탠드형 18평  FQ18PDNBA1 36 48 60개월 약정 등록비면제 LG휘센 에어컨렌탈-헬로하이렌탈,111900,계절가전,에어컨,https://cjhello-hirental.co.kr//cjhello-hirental.co.kr/web/product/big/202306/173359ddcc6196a621e8772e81054494.jpg,1984,
LG헬로비전 위니아 에어컨 벽걸이형 (7평) WRV07CLS 36개월 약정 등록비면제 에어컨 렌탈-헬로하이렌탈,24900,계절가전,에어컨,https://cjhello-hirental.co.kr//cjhello-hirental.co.kr/web/product/big/202203/8381a1767008587c02a07aabe80da2e1.jpg,1962,
LG헬로비전렌탈 위니아딤채 2in1 에어컨 멀티형 17평+7평 WPVW17ECSSBM 프렌치네이비 36개월 48개월 60개월 약정 등록비면제-헬로하이렌탈,53900,계절가전,에어컨,https://cjhello-hirental.co.kr//cjhello-hirental.co.kr/web/product/big/202203/94785ae65a161848825e5b29499f9c0b.jpg,1961,https://cjhello-hirental.co.kr/product/detail.html?product_no=1961&cate_no=53&display_group=1
LG헬로렌탈 삼성 벽걸이 에어컨 (7평) AR07T9171HBS 36개월 48개월 60개월 약정 등록비면제-헬로하이렌탈,30900,계절가전,에어컨,https://cjhello-hirental.co.kr//cjhello-hirental.co.kr/web/product/big/202112/3b4fdbd174f9771abac7731f0585f7cd.jpg,1913,
LG헬로렌탈 삼성 벽걸이 에어컨 (6평) AR06A1170HZS 36개월 48개월 60개월 약정 등록비면제-헬로하이렌탈,16900,계절가전,에어컨,https://cjhello-hirental.co.kr//cjhello-hirental.co.kr/web/product/big/202112/699d0f670cf1001505081e4b462296df.jpg,1912,
LG벽걸이에어컨,44900,계절가전,에어컨,https://cjhello-hirental.co.kr//cjhello-hirental.co.kr/web/product/big/202112/0760d3c2f5c4d9376446688ef3071142.jpg,1911,
헬로비전렌탈 LG휘센 벽걸이형 에어컨 (13평) SQ13BCKWAS 36개월 48개월 60개월 약정 등록비면제 에어컨렌탈-헬로하이렌탈,41900,계절가전,에어컨,https://cjhello-hirental.co.kr//cjhello-hirental.co.kr/web/product/big/202112/22bfee35c7de3f039d28c2a309467e82.jpg,1910,
헬로비전렌탈 LG휘센 벽걸이형 에어컨 (11평) SQ11BCKWAS 36개월 48개월 60개월 약정 등록비면제 에어컨렌탈-헬로하이렌탈,41900,계절가전,에어컨,https://cjhello-hirental.co.kr//cjhello-hirental.co.kr/web/product/big/202112/ede56b1fa191b8aae2ce06f893afffef.jpg,1909,
헬로비전렌탈 LG휘센 벽걸이형 에어컨 (9평) SQ09BCJWAS 36개월 48개월 60개월 약정 등록비면제 에어컨렌탈-헬로하이렌탈,29900,계절가전,에어컨,https://cjhello-hirental.co.kr//cjhello-hirental.co.kr/web/product/big/202112/4abe5d175564fc8fdd902a13b755e8dc.jpg,1908,
헬로비전렌탈 LG휘센 벽걸이형 에어컨 (6평) SQ06BDAWBS 36개월 48개월 60개월 약정 등록비면제 에어컨렌탈-헬로하이렌탈,18500,계절가전,에어컨,https://cjhello-hirental.co.kr//cjhello-hirental.co.kr/web/product/big/202306/56abdb5e1cb25cdc9c2746fc0979fca5.jpg,1907,
헬로비전렌탈 LG휘센 벽걸이형 에어컨 (7평) SQ07BDAWBS 36개월 48개월 60개월 약정 등록비면제 에어컨렌탈-헬로하이렌탈,18900,계절가전,에어컨,https://cjhello-hirental.co.kr//cjhello-hirental.co.kr/web/product/big/202112/0e1a977eef1cb016a62c46846483fb7a.jpg,1906,
헬로렌탈 위니아 냉난방기 벽걸이형 (11평) WRW11ESW 36개월 48개월 60개월 약정 등록비면제 위니아에어컨렌탈-헬로하이렌탈,29900,계절가전,에어컨,https://cjhello-hirental.co.kr//cjhello-hirental.co.kr/web/product/big/202009/d3f15443c75d2933793deeb60ff89153.jpg,1868,
헬로비전렌탈 위니아 냉난방기 벽걸이형 (7평) MRW07ESF 36개월 48개월 60개월 약정 등록비면제 에어컨 렌탈-헬로하이렌탈,20900,계절가전,에어컨,https://cjhello-hirental.co.kr//cjhello-hirental.co.kr/web/product/big/202110/09618a6bbb0066f3bdbd9c5e78162e14.jpg,1867,
LG헬로렌탈 삼성 무풍에어컨 벽걸이 와이드(9평) AR09A9170HCS 36개월 48개월 60개월 약정 등록비면제-헬로하이렌탈,27900,계절가전,에어컨,https://cjhello-hirental.co.kr//cjhello-hirental.co.kr/web/product/big/202108/4315d017bde15ecfe8a301a45b66725e.jpg,1860,
LG헬로렌탈 삼성 벽걸이 에어컨 (7평) AR07A5170HZS 36개월 48개월 60개월 약정 등록비면제-헬로하이렌탈,24900,계절가전,에어컨,https://cjhello-hirental.co.kr//cjhello-hirental.co.kr/web/product/big/202108/7a1dff32fdda19196bf752308c2a5e9d.jpg,1859,
삼성 무풍 에어컨(18평) AF18T5774WZS 36/48/60개월의무 등록비면제 무풍에어컨렌탈 삼성무풍슬림에어컨-헬로하이렌탈,49900,계절가전,에어컨,https://cjhello-hirental.co.kr//cjhello-hirental.co.kr/web/product/big/202108/2cfb64c116ca5c55182ce7e69fb7f5e4.jpg,1850,
삼성 무풍 에어컨(16평) AF16T5774DSS 36/48/60개월의무 등록비면제 무풍에어컨렌탈 삼성무풍슬림에어컨-헬로하이렌탈,44900,계절가전,에어컨,https://cjhello-hirental.co.kr//cjhello-hirental.co.kr/web/product/big/202108/2cfb64c116ca5c55182ce7e69fb7f5e4.jpg,1849,
위니아 벽걸이 에어컨,15900,계절가전,에어컨,https://cjhello-hirental.co.kr//cjhello-hirental.co.kr/web/product/big/202306/b8efcd55831a4bef161b4ae3160bf3db.jpg,1809,
LG헬로비전렌탈 위니아 스탠드형 에어컨 16평 EPVW16DWES 36개월 48개월 60개월 약정 등록비면제-헬로하이렌탈,36900,계절가전,에어컨,https://cjhello-hirental.co.kr//cjhello-hirental.co.kr/web/product/big/202106/35d8fbb6e20e560e05ba71b7fcf930f1.jpg,1808,
LG헬로비전렌탈 위니아딤채 스탠드형 에어컨 17평 WPVW17ECSAB 36개월 48개월 60개월 약정 등록비면제-헬로하이렌탈,45900,계절가전,에어컨,https://cjhello-hirental.co.kr//cjhello-hirental.co.kr/web/product/big/202106/7e799056c4d4b64a139ce9b5977885ca.jpg,1807,
LG헬로비전렌탈 위니아딤채 스탠드형 에어컨 17평 WPVW17EDEW 36개월 48개월 60개월 약정 등록비면제-헬로하이렌탈,47900,계절가전,에어컨,https://cjhello-hirental.co.kr//cjhello-hirental.co.kr/web/product/big/202106/b1b41f001a2cc94a28624d4147b4b312.jpg,1806,
LG헬로비전렌탈 위니아딤채 2in1 에어컨 멀티형 17평+7평 WPVW17ECSABM 36개월 48개월 60개월 약정 등록비면제-헬로하이렌탈,53900,계절가전,에어컨,https://cjhello-hirental.co.kr//cjhello-hirental.co.kr/web/product/big/202106/9a530bb64bde48b96e112fab0bd4ff13.jpg,1805,
LG헬로비전렌탈 삼성 무풍에어컨 와이드 벽걸이형 (13평) AR13T9190HZS 36개월 48개월 60개월 약정 등록비면제-헬로하이렌탈,40900,계절가전,에어컨,https://cjhello-hirental.co.kr//cjhello-hirental.co.kr/web/product/big/202009/4eb3af353f9ff2067442de5b7e3ae3b5.jpg,1437,
LG헬로비전렌탈 삼성 무풍에어컨 와이드 벽걸이형 (9평) AR09T9190HZS 36개월 48개월 60개월 약정 등록비면제-헬로하이렌탈,33900,계절가전,에어컨,https://cjhello-hirental.co.kr//cjhello-hirental.co.kr/web/product/big/202009/1c60b89a09841bbf0700ace42a60ac50.jpg,1436,
LG헬로비전렌탈 삼성 냉난방기 와이드 벽걸이형 (7평) AR07T9190HZS 36개월 48개월 60개월 약정 등록비면제-헬로하이렌탈,31900,계절가전,에어컨,https://cjhello-hirental.co.kr//cjhello-hirental.co.kr/web/product/big/202009/ae78ec68f0531fb9cdb6ff56e0d4f449.jpg,1435,
LG헬로비전렌탈 LG 냉난방기 벽걸이형 (11평) SW11BAKWAS 36개월 48개월 60개월 약정 등록비면제-헬로하이렌탈,44900,계절가전,에어컨,https://cjhello-hirental.co.kr//cjhello-hirental.co.kr/web/product/big/202009/b48df72626f366b997811ed7b38b620c.jpg,1433,
LG헬로렌탈 LG휘센 냉난방기 벽걸이형 (7평) SW07BAJWAS-헬로하이렌탈,33900,계절가전,에어컨,https://cjhello-hirental.co.kr//cjhello-hirental.co.kr/web/product/big/20200625/7039f7b872247ea9627827461e1e889a.jpg,134,
LG헬로렌탈 LG휘센 냉난방기 벽걸이형 (9평) SW09BAJWAS-헬로하이렌탈,36900,계절가전,에어컨,https://cjhello-hirental.co.kr//cjhello-hirental.co.kr/web/product/big/20200625/deb0a96015a5f93b52ff1b873e7ee587.jpg,1037,
삼성 공기청정기 블루스카이(18평) AX60A5510WSD 화이트 공기청정기렌탈 36/48/60개월의무사용 등록비면제-헬로하이렌탈,15900,계절가전,공기청정기,https://cjhello-hirental.co.kr//cjhello-hirental.co.kr/web/product/big/202203/e993083946eddca9ad856ea31fb298e6.jpg,1950,
삼성 공기청정기 비스포크 큐브 에어 16평 AX053B810HND 36개월 48개월 60개월의무 등록비면제-헬로하이렌탈,13900,계절가전,공기청정기,https://cjhello-hirental.co.kr//cjhello-hirental.co.kr/web/product/big/202305/7d012406f5377e5c711a9961a9ef31cb.jpg,1905,
위닉스 공기청정기 화이트 23평  ATXE763-JWK 공기청정기렌탈 36개월 48개월 60개월의무 등록비면제-헬로하이렌탈,12300,계절가전,공기청정기,https://cjhello-hirental.co.kr//cjhello-hirental.co.kr/web/product/big/202112/693f60a93fedb02494cb93fd99bb2678.jpg,1904,
LG헬로렌탈 LG 오브제컬렉션 공기청정기 35평형 AS351NGFA-헬로하이렌탈,55900,계절가전,공기청정기,https://cjhello-hirental.co.kr//cjhello-hirental.co.kr/web/product/big/202106/6f605022cc5d21cfeca78e376500cc5e.jpg,1800,
LG헬로렌탈 LG 오브제컬렉션 공기청정기 20평형 AS201NGFA-헬로하이렌탈,45900,계절가전,공기청정기,https://cjhello-hirental.co.kr//cjhello-hirental.co.kr/web/product/big/202106/2303c54afb44182d7ae5ebbfa49c647e.jpg,1799,
LG헬로렌탈 LG 퓨리케어 360° 공기청정기 알파 34평형 밀크티라떼 AS351NBFA(PS) 36개월 48개월 60개월 약정 등록비면제-헬로하이렌탈,54400,계절가전,공기청정기,https://cjhello-hirental.co.kr//cjhello-hirental.co.kr/web/product/big/202104/1d68774abc9abd908542a4e08b4676a4.jpg,1670,https://cjhello-hirental.co.kr/product/detail.html?product_no=1670&cate_no=52&display_group=1
LG헬로렌탈 LG 퓨리케어 360° 공기청정기 알파 34평형 아이언그레이 AS351NNFA(PS) 36개월 48개월 60개월 약정 등록비면제-헬로하이렌탈,54400,계절가전,공기청정기,https://cjhello-hirental.co.kr//cjhello-hirental.co.kr/web/product/big/202104/a355863c95560aaf4442f245ff6c5d29.jpg,1667,https://cjhello-hirental.co.kr/product/detail.html?product_no=1667&cate_no=52&display_group=1
LG헬로렌탈 LG 퓨리케어 360° 공기청정기 알파 34평형 아이언그레이 AS351NNFA 36개월 48개월 60개월 약정 등록비면제-헬로하이렌탈,51400,계절가전,공기청정기,https://cjhello-hirental.co.kr//cjhello-hirental.co.kr/web/product/big/202104/d735849c1aba949248ab184f5418a986.jpg,1666,https://cjhello-hirental.co.kr/product/detail.html?product_no=1667&cate_no=52&display_group=1
LG헬로렌탈 LG 퓨리케어 360° 공기청정기 알파 20평형 밀크티라떼 AS201NBFA 36개월 48개월 60개월 약정 등록비면제-헬로하이렌탈,39400,계절가전,공기청정기,https://cjhello-hirental.co.kr//cjhello-hirental.co.kr/web/product/big/202104/e206e39644a068493ea21ad3634bae87.jpg,1664,
LG헬로렌탈 LG 퓨리케어 360° 공기청정기 알파 20평형 아이언그레이 AS201NNFA 36개월 48개월 60개월 약정 등록비면제-헬로하이렌탈,39400,계절가전,공기청정기,https://cjhello-hirental.co.kr//cjhello-hirental.co.kr/web/product/big/202104/0865adfc2cf83de41cc0b135856d2a9c.jpg,1662,
LG헬로비전렌탈 LG 퓨리케어 360° 펫 공기청정기 30평형 실버 AS301DNPA 36개월 48개월 60개월 약정 등록비면제-헬로하이렌탈,36900,계절가전,공기청정기,https://cjhello-hirental.co.kr//cjhello-hirental.co.kr/web/product/big/202101/6245fe0de015319a5b2189c9f880c40c.jpg,1604,
헬로렌탈 LG 퓨리케어 360° 펫 공기청정기 19평형 실버 AS191DNPA 36개월 48개월 60개월 약정 등록비면제-헬로하이렌탈,28900,계절가전,공기청정기,https://cjhello-hirental.co.kr//cjhello-hirental.co.kr/web/product/big/202101/32038ba5b7780dbb3c88a895c37ef6c0.jpg,1603,
헬로비전렌탈 LG 퓨리케어 360° 공기청정기 30평형 크리미스노우 AS301DWFA 36개월 48개월 60개월 약정 등록비면제-헬로하이렌탈,29900,계절가전,공기청정기,https://cjhello-hirental.co.kr//cjhello-hirental.co.kr/web/product/big/202101/8845fe09e119323a87fa56392020616d.jpg,1602,
LG헬로렌탈 LG 퓨리케어 360° 공기청정기 19평형 크리미스노우 AS193DWFA 36개월 48개월 60개월 약정 등록비면제-헬로하이렌탈,25900,계절가전,공기청정기,https://cjhello-hirental.co.kr//cjhello-hirental.co.kr/web/product/big/202101/a022f5593418bbcf054efddc0b63f3f6.jpg,1601,
LG헬로비전렌탈 아이큐에어 공기청정기 19평형 HP150 36개월 48개월 60개월 약정 등록비면제-헬로하이렌탈,32900,계절가전,공기청정기,https://cjhello-hirental.co.kr//cjhello-hirental.co.kr/web/product/big/202007/e7d15208beccd81adcda9fbec11f4365.jpg,1354,
LG헬로렌탈 아이큐에어 공기청정기 19평형 GC_MultiGas 36개월 48개월 60개월 약정 등록비면제-헬로하이렌탈,54900,계절가전,공기청정기,https://cjhello-hirental.co.kr//cjhello-hirental.co.kr/web/product/big/202007/904150a650fdef43d70cdb5ea6afc2e2.jpg,1341,
LG헬로비전렌탈 아이큐에어 공기청정기 27평형 HP100 36개월 48개월 60개월 약정 등록비면제-헬로하이렌탈,30900,계절가전,공기청정기,https://cjhello-hirental.co.kr//cjhello-hirental.co.kr/web/product/big/202007/1bff32d02fd6b7f42a951c62528e724e.jpg,1340,
LG 퓨리케어 360도 공기청정기 30평형(방문케어) AS301DWFA46 48개월-헬로하이렌탈,50900,계절가전,공기청정기,https://cjhello-hirental.co.kr//cjhello-hirental.co.kr/web/product/big/20200106/13eccd8f92ebbd90c9ea62537da36f45.jpg,1082,
LG 퓨리케어 360도 공기청정기 19평형(방문케어) AS191DWFA46 48개월-헬로하이렌탈,35900,계절가전,공기청정기,https://cjhello-hirental.co.kr//cjhello-hirental.co.kr/web/product/big/20200625/27f73c1a6b92e7ef8efcc3b6cfc09d0a.jpg,1083,
LG퓨리케어 몽블랑P 공기청정기(12평) AS120VSKA 36개월의무 등록비면제-헬로하이렌탈,13000,계절가전,공기청정기,https://cjhello-hirental.co.kr//cjhello-hirental.co.kr/web/product/big/20200625/c8faa802ab070f96b3e6e47bd888052b.jpg,61,
루컴즈 공기청정기 21평 C22P02-B 36개월의무사용 등록비면제 공기청정기렌탈-헬로하이렌탈,19900,계절가전,공기청정기,https://cjhello-hirental.co.kr//cjhello-hirental.co.kr/web/product/big/20200625/be0f26cddc5b1f2f2cc1419737350aec.jpg,1044,
루컴즈 공기청정기 16평 C17P01-B 36개월의무사용 등록비면제 공기청정기렌탈-헬로하이렌탈,17900,계절가전,공기청정기,https://cjhello-hirental.co.kr//cjhello-hirental.co.kr/web/product/big/20200625/942d28ac35804ab6c5e5d91ad0c748d3.jpg,1045,
"세스코 비데 올인원 살균 방수 EBCB151 36,60개월 의무약정 4,12 개월 방문관리-헬로하이렌탈",17900,생활가전,비데,https://cjhello-hirental.co.kr//cjhello-hirental.co.kr/web/product/big/202408/60dc70c66151b7adece8501378a148d1.jpg,2196,
"세스코 비데 듀얼 살균 방수 EBCB141 36,60개월 의무약정 4,12 개월 방문관리-헬로하이렌탈",15900,생활가전,비데,https://cjhello-hirental.co.kr//cjhello-hirental.co.kr/web/product/big/202408/15ec2ab89197be0c6913b36ce19550d4.jpg,2195,
세스코비데,11900,생활가전,비데,https://cjhello-hirental.co.kr//cjhello-hirental.co.kr/web/product/big/202401/ffdf261424a10f3cd929f840d8a1fe19.jpg,2159,https://cjhello-hirental.co.kr/product/detail.html?product_no=2159&cate_no=103&display_group=1
세스코비데,13900,생활가전,비데,https://cjhello-hirental.co.kr//cjhello-hirental.co.kr/web/product/big/202401/0e9910a692a893cb2346d6cdac9e972d.jpg,2158,https://cjhello-hirental.co.kr/product/detail.html?product_no=2158&cate_no=103&display_group=1
노비타비데,8800,생활가전,비데,https://cjhello-hirental.co.kr//cjhello-hirental.co.kr/web/product/big/202401/4c7c69efbe32588f82c917172633fcd5.jpg,2148,https://cjhello-hirental.co.kr/product/detail.html?product_no=2148&cate_no=103&display_group=1
노비타 비데,14900,생활가전,비데,https://cjhello-hirental.co.kr//cjhello-hirental.co.kr/web/product/big/202312/73e9a1b7161dca832159e7bce5d6ebe0.jpg,2147,
노비타 비데,10900,생활가전,비데,https://cjhello-hirental.co.kr//cjhello-hirental.co.kr/web/product/big/202401/22b7f8d6a88a5a03650d9c0a4d41fbef.jpg,2146,
LG헬로렌탈 위니아 스마트 비데 BBDCTEEW  36개월 의무약정  등록비면제-헬로하이렌탈,8800,생활가전,비데,https://cjhello-hirental.co.kr//cjhello-hirental.co.kr/web/product/big/202308/ec03aa2497a8265a0e9080f852edc8c7.jpg,2063,
LG헬로렌탈 춘천명가옥 침대 935Q(황토) 퀸 48개월 약정 등록비면제-헬로하이렌탈,74900,인테리어/가구,침대,https://cjhello-hirental.co.kr//cjhello-hirental.co.kr/web/product/big/202010/8548cd6bac60abcbdf1f8927ee7afef9.jpg,1498,
LG헬로비전렌탈 춘천명가옥 침대 935Q(칠보석) 퀸 48개월 약정 등록비면제-헬로하이렌탈,74900,인테리어/가구,침대,https://cjhello-hirental.co.kr//cjhello-hirental.co.kr/web/product/big/202010/6d0ac8eea56c3fe187a6ad76a243187f.jpg,1497,https://cjhello-hirental.co.kr/product/detail.html?product_no=1497&cate_no=126&display_group=1
헬로렌탈 춘천명가옥 침대 935Q(옥) 퀸 48개월 약정 등록비면제-헬로하이렌탈,74100,인테리어/가구,침대,https://cjhello-hirental.co.kr//cjhello-hirental.co.kr/web/product/big/202010/035b79ee6cbbdd47b91673c3bd31256f.jpg,1496,https://cjhello-hirental.co.kr/product/detail.html?product_no=1496&cate_no=126&display_group=1
LG헬로렌탈 춘천명가옥 침대 917Q(황토) 퀸 48개월 약정 등록비면제-헬로하이렌탈,74900,인테리어/가구,침대,https://cjhello-hirental.co.kr//cjhello-hirental.co.kr/web/product/big/202010/63bdba1153546925e38e96edbd2a1b79.jpg,1492,https://cjhello-hirental.co.kr/product/detail.html?product_no=1492&cate_no=126&display_group=1
LG헬로렌탈 춘천명가옥 침대 917Q(칠보석) 퀸 48개월 약정 등록비면제-헬로하이렌탈,74900,인테리어/가구,침대,https://cjhello-hirental.co.kr//cjhello-hirental.co.kr/web/product/big/202010/13c7c2dd3e8fae34c1698651675a5e72.jpg,1491,https://cjhello-hirental.co.kr/product/detail.html?product_no=1491&cate_no=126&display_group=1
헬로렌탈 춘천명가옥 침대 917Q(옥) 퀸 48개월 약정 등록비면제-헬로하이렌탈,74900,인테리어/가구,침대,https://cjhello-hirental.co.kr//cjhello-hirental.co.kr/web/product/big/202010/2293bc51671f3582baaf47003137987e.jpg,1490,
헬로렌탈 춘천명가옥 침대 705S(칠보석) 싱글 48개월 약정 등록비면제-헬로하이렌탈,51900,인테리어/가구,침대,https://cjhello-hirental.co.kr//cjhello-hirental.co.kr/web/product/big/202007/c541ebef2b3f3b180697646ebf95e80b.jpg,1330,
LG헬로비전렌탈 춘천명가옥 침대 705S(황토) 싱글 48개월 약정 등록비면제-헬로하이렌탈,51900,인테리어/가구,침대,https://cjhello-hirental.co.kr//cjhello-hirental.co.kr/web/product/big/202007/2b69c9d43eccefc3a1dc4c6dfc2f1974.jpg,1329,
LG헬로렌탈 춘천명가옥 침대 705S(옥) 싱글 48개월 약정 등록비면제-헬로하이렌탈,51400,인테리어/가구,침대,https://cjhello-hirental.co.kr//cjhello-hirental.co.kr/web/product/big/202007/0d8554de91068921ef51c9881981777f.jpg,1328,
헬로비전렌탈 춘천명가옥 침대 705Q(칠보석) 퀸 48개월 약정 등록비면제-헬로하이렌탈,67900,인테리어/가구,침대,https://cjhello-hirental.co.kr//cjhello-hirental.co.kr/web/product/big/202007/ee7c3719a30afcaf4b8c8fea2aff3981.jpg,1327,
LG헬로렌탈 춘천명가옥 침대 705Q(황토) 퀸 48개월 약정 등록비면제-헬로하이렌탈,67900,인테리어/가구,침대,https://cjhello-hirental.co.kr//cjhello-hirental.co.kr/web/product/big/202007/af447bed32bfc8bb06e05fb31ec409f7.jpg,1326,
헬로렌탈 춘천명가옥 침대 705Q(옥) 퀸 48개월 약정 등록비면제-헬로하이렌탈,67900,인테리어/가구,침대,https://cjhello-hirental.co.kr//cjhello-hirental.co.kr/web/product/big/202007/83efea384e9b98f5bb4cf3edea2eaaa6.jpg,1325,
브람스안마의자,38900,엔터/뷰티/건강,안마의자,https://cjhello-hirental.co.kr//cjhello-hirental.co.kr/web/product/big/202312/bf79c5f8d8afd6191ac1c0a6ba502580.jpg,2149,https://cjhello-hirental.co.kr/product/detail.html?product_no=2149&cate_no=65&display_group=1
"LG헬로렌탈 휴테크 안마의자  H9 베이지 HT-M630 39,48,60개월 약정 등록비면제-헬로하이렌탈",55900,엔터/뷰티/건강,안마의자,https://cjhello-hirental.co.kr//cjhello-hirental.co.kr/web/product/big/202310/df0fc791e0f40e24b3c4f06458d0f8e5.jpg,2073,https://cjhello-hirental.co.kr/product/detail.html?product_no=2073&cate_no=65&display_group=1
"헬로렌탈 웰모아 안마의자 레스트온 HCW-5700 36,48,60개월 약정 등록비면제-헬로하이렌탈",50900,엔터/뷰티/건강,안마의자,https://cjhello-hirental.co.kr//cjhello-hirental.co.kr/web/product/big/202310/1c598acc8a6075eff27a69797fdd9e8f.jpg,2072,
"LG헬로렌탈 코지마 안마의자 코지체어 CMS-L400(B) 39,48,60개월 의무약정 등록비 면제-헬로하이렌탈",45900,엔터/뷰티/건강,안마의자,https://cjhello-hirental.co.kr//cjhello-hirental.co.kr/web/product/big/202308/a671e53519da69848ecc480a5d67590c.jpg,2066,
LG헬로렌탈 코지마 안마의자 호프 CMC-X1 39개월 48개월 60개월 약정 등록비면제-헬로하이렌탈,142900,엔터/뷰티/건강,안마의자,https://cjhello-hirental.co.kr//cjhello-hirental.co.kr/web/product/big/202308/6716abff0cb391567c2d677bb8b0e3f1.jpg,2065,https://cjhello-hirental.co.kr/product/detail.html?product_no=2065&cate_no=65&display_group=1
LG헬로렌탈 코지마 안마의자 뉴에라 CMC-A900(G) 39개월 48개월 60개월 약정 등록비면제-헬로하이렌탈,172000,엔터/뷰티/건강,안마의자,https://cjhello-hirental.co.kr//cjhello-hirental.co.kr/web/product/big/202308/783f7f98b44d3e2b306e7ceed7e10090.jpg,2064,https://cjhello-hirental.co.kr/product/detail.html?product_no=2064&cate_no=65&display_group=1
LG헬로렌탈 브람스 안마의자 S5700_카이든 39개월 48개월 60개월 약정 등록비면제-헬로하이렌탈,61900,엔터/뷰티/건강,안마의자,https://cjhello-hirental.co.kr//cjhello-hirental.co.kr/web/product/big/202304/db68ee1ba551ef1f23d94759b8d82376.jpg,1996,
"LG헬로렌탈 브람스 안마의자 S3800 루카 39,48,60개월 약정 등록비면제-헬로하이렌탈",57900,엔터/뷰티/건강,안마의자,https://cjhello-hirental.co.kr//cjhello-hirental.co.kr/web/product/big/202304/587eeececefecf0190bbe8a496356cd2.jpg,1994,
LG헬로렌탈 파나소닉 안마의자 EP-MAC9 48개월 60개월 약정 등록비면제-헬로하이렌탈,89900,엔터/뷰티/건강,안마의자,https://cjhello-hirental.co.kr//cjhello-hirental.co.kr/web/product/big/202302/e011dd7b9d8dce012c103be2373e842f.jpg,1987,
LG헬로렌탈 파나소닉 안마의자 EP-EP-MA05 48개월 60개월 약정 등록비면제-헬로하이렌탈,49500,엔터/뷰티/건강,안마의자,https://cjhello-hirental.co.kr//cjhello-hirental.co.kr/web/product/big/202302/8fd2c42650d5e5a3b912789d74d17130.jpg,1986,
"LG헬로렌탈 파나소닉 안마의자 EP-MA32 그레이브라운,사파이어블랙 48개월 60개월 약정 등록비면제-헬로하이렌탈",114900,엔터/뷰티/건강,안마의자,https://cjhello-hirental.co.kr//cjhello-hirental.co.kr/web/product/big/202302/8a03cbdd677cedef899c46cba4af0f21.jpg,1985,
헬로렌탈 웰모아 안마의자 에비스 블랙 HCW-6400(B) 36개월 48개월 60개월 약정 등록비면제-헬로하이렌탈,44000,엔터/뷰티/건강,안마의자,https://cjhello-hirental.co.kr//cjhello-hirental.co.kr/web/product/big/202106/dd162cb3ce0a02d782b43753959c3002.jpg,1836,
헬로비전렌탈 브람스 안마의자 뉴앨리스 S8181 48개월 60개월 약정 등록비면제-헬로하이렌탈,105500,엔터/뷰티/건강,안마의자,https://cjhello-hirental.co.kr//cjhello-hirental.co.kr/web/product/big/202106/ac282eeb65478e03a1ceb7ef519d29b1.jpg,1835,
헬로비전렌탈 리유 안마의자 벨루체 J5 36개월 48개월 60개월 약정 등록비면제-헬로하이렌탈,31900,엔터/뷰티/건강,안마의자,https://cjhello-hirental.co.kr//cjhello-hirental.co.kr/web/product/big/202105/594b2f85b1380af2b9b0e4fb2b6c950b.jpg,1740,
헬로비전렌탈 브람스 안마의자 테스 S4500 36개월 48개월 60개월 약정 등록비면제-헬로하이렌탈,43900,엔터/뷰티/건강,안마의자,https://cjhello-hirental.co.kr//cjhello-hirental.co.kr/web/product/big/202104/db56421f56bd571da72aef7eca969237.jpg,1661,
헬로비전렌탈 브람스 안마의자 골든이글 S8800 36개월 48개월 60개월 약정 등록비면제-헬로하이렌탈,120900,엔터/뷰티/건강,안마의자,https://cjhello-hirental.co.kr//cjhello-hirental.co.kr/web/product/big/202104/d049e68a5187b470822fb872aa26adb1.jpg,1660,
LG헬로렌탈 휴테크 안마의자 카이 LS7 퍼플 HT-K04A 39개월 48개월 60개월 약정 등록비면제-헬로하이렌탈,71900,엔터/뷰티/건강,안마의자,https://cjhello-hirental.co.kr//cjhello-hirental.co.kr/web/product/big/202104/e1e1f6334f253577964c797e92bb1dcb.jpg,1643,
LG헬로렌탈 코지마 안마의자 아틀리에 CMC-A305 39개월 48개월 60개월 약정 등록비면제-헬로하이렌탈,49900,엔터/뷰티/건강,안마의자,https://cjhello-hirental.co.kr//cjhello-hirental.co.kr/web/product/big/202103/26ad6b27ee47b1e9aa8530a63a763acb.jpg,1628,
헬로비전렌탈 브람스 안마의자 빅토리아 S7700 39개월 48개월 60개월 약정 등록비면제-헬로하이렌탈,112900,엔터/뷰티/건강,안마의자,https://cjhello-hirental.co.kr//cjhello-hirental.co.kr/web/product/big/202103/427764ce7a859d5341da65ab48b8cd16.jpg,1624,
헬로렌탈 웰모아 안마의자 블랙라벨9 아이보리 HCW-709(I) 39개월 48개월 60개월 약정 등록비면제-헬로하이렌탈,86900,엔터/뷰티/건강,안마의자,https://cjhello-hirental.co.kr//cjhello-hirental.co.kr/web/product/big/202102/3053d4a9447de96d367845bdc7b6fa74.jpg,1622,
LG헬로렌탈 웰모아 안마의자 블랙라벨9 블랙 HCW-709(B) 36개월 48개월 60개월 약정 등록비면제-헬로하이렌탈,86900,엔터/뷰티/건강,안마의자,https://cjhello-hirental.co.kr//cjhello-hirental.co.kr/web/product/big/202102/b2f28c8aaee11a4ac1165f22a53245a5.jpg,1621,
헬로비전렌탈 웰모아 안마의자 블랙라벨7 블랙 HCW-705(B) 36개월 48개월 60개월 약정 등록비면제-헬로하이렌탈,80900,엔터/뷰티/건강,안마의자,https://cjhello-hirental.co.kr//cjhello-hirental.co.kr/web/product/big/202102/fe58e25fb5e526f8e63a718b6dfab4bb.jpg,1620,
LG헬로비전렌탈 웰모아 안마의자 유로보 아이보리 HCW-7000(I) 36개월 48개월 60개월 약정 등록비면제-헬로하이렌탈,52200,엔터/뷰티/건강,안마의자,https://cjhello-hirental.co.kr//cjhello-hirental.co.kr/web/product/big/202102/69f8de250c37c0e93bd9dfecbb5f26c5.jpg,1619,
LG헬로렌탈 웰모아 안마의자 아토 화이트 HCW-5800(W) 36개월 48개월 60개월 약정 등록비면제-헬로하이렌탈,38900,엔터/뷰티/건강,안마의자,https://cjhello-hirental.co.kr//cjhello-hirental.co.kr/web/product/big/202310/dba936ddc58bf0a5c0d3f1a6afe276bb.jpg,1617,
LG헬로비전렌탈 파나소닉 안마의자 EP-MAJ7  48개월 60개월 약정 등록비면제-헬로하이렌탈,210900,엔터/뷰티/건강,안마의자,https://cjhello-hirental.co.kr//cjhello-hirental.co.kr/web/product/big/202302/7ab4a19efe6a6274148b5cb9d2f625c5.jpg,1598,
LG헬로렌탈 파나소닉 안마의자 EP-MAK1 48개월 60개월 약정 등록비면제-헬로하이렌탈,269000,엔터/뷰티/건강,안마의자,https://cjhello-hirental.co.kr//cjhello-hirental.co.kr/web/product/big/202312/7fb0642f5f1b7499d9c296cfeebb0033.jpg,1597,
헬로렌탈 코지마 안마의자 세인트 CMC-L920 39개월 48개월 60개월 약정 등록비면제-헬로하이렌탈,51900,엔터/뷰티/건강,안마의자,https://cjhello-hirental.co.kr//cjhello-hirental.co.kr/web/product/big/202012/52c3a1d284df4ad2e2ed72ea6c847a85.jpg,1567,
헬로렌탈 코지마 안마의자 코지체어 화이트 CMS-L450 39개월 48개월 60개월 약정 등록비면제-헬로하이렌탈,45900,엔터/뷰티/건강,안마의자,https://cjhello-hirental.co.kr//cjhello-hirental.co.kr/web/product/big/202012/2bae3f19644de8ebff84a80bdcc699e9.jpg,1565,
LG헬로비전렌탈 코지마 안마의자 코지체어 블랙 CMS-L400 39개월 48개월 60개월 약정 등록비면제-헬로하이렌탈,44900,엔터/뷰티/건강,안마의자,https://cjhello-hirental.co.kr//cjhello-hirental.co.kr/web/product/big/202012/e4cea4219bf423ddf75ee894ce308c3c.jpg,1564,
헬로비전렌탈 브람스 안마의자 마운틴 S8100 39개월 48개월 60개월 약정 등록비면제-헬로하이렌탈,61900,엔터/뷰티/건강,안마의자,https://cjhello-hirental.co.kr//cjhello-hirental.co.kr/web/product/big/202012/eeb2fddee848f57b87165af44de5c10e.jpg,1563,
LG헬로렌탈 휴테크 안마의자 리온 HT-N01A 39개월 48개월 60개월 약정 등록비면제-헬로하이렌탈,40900,엔터/뷰티/건강,안마의자,https://cjhello-hirental.co.kr//cjhello-hirental.co.kr/web/product/big/202203/131e0f7e44dd574255d663d0bd725e9a.jpg,1503,
LG헬로렌탈 휴테크 안마의자 Q9 블랙 HT-M633 39개월 48개월 60개월 약정 등록비면제-헬로하이렌탈,54900,엔터/뷰티/건강,안마의자,https://cjhello-hirental.co.kr//cjhello-hirental.co.kr/web/product/big/202203/39d49e353261ab1429ba628598d007e5.jpg,1501,
LG헬로렌탈 휴테크 안마의자 G9 블랙 HT-N04A 39개월 48개월 60개월 약정 등록비면제-헬로하이렌탈,58900,엔터/뷰티/건강,안마의자,https://cjhello-hirental.co.kr//cjhello-hirental.co.kr/web/product/big/202203/fef162f0477b02218989f30d9a67bc36.jpg,1429,
LG헬로렌탈 휴테크 안마의자 LS9 카이 HT-K02A 39개월 48개월 60개월 약정 등록비면제-헬로하이렌탈,111900,엔터/뷰티/건강,안마의자,https://cjhello-hirental.co.kr//cjhello-hirental.co.kr/web/product/big/202009/4b4f750a92ad96d4c63d1add12b97340.jpg,1421,
LG헬로비전렌탈 브람스 안마의자 엘토 S7300 39개월 48개월 60개월 약정 등록비면제-헬로하이렌탈,71900,엔터/뷰티/건강,안마의자,https://cjhello-hirental.co.kr//cjhello-hirental.co.kr/web/product/big/202008/c47f75c2c2b93674a9a19da05172263a.jpg,1359,
헬로비전렌탈 코지마 안마의자 캐치 CMC-X8600 39개월 48개월 60개월 약정 등록비면제-헬로하이렌탈,79900,엔터/뷰티/건강,안마의자,https://cjhello-hirental.co.kr//cjhello-hirental.co.kr/web/product/big/20200604/025d0ef86bdd83438fb8db4def6805d6.jpg,1318,
LG헬로렌탈 브람스 안마의자 카밀라 A3939 39개월 48개월 60개월 약정 등록비면제-헬로하이렌탈,54900,엔터/뷰티/건강,안마의자,https://cjhello-hirental.co.kr//cjhello-hirental.co.kr/web/product/big/20200406/12173a61e51813e411d7857a1951fc86.jpg,1229,
LG헬로렌탈 코지마 안마의자 마스터 CMC-A100-헬로하이렌탈,107900,엔터/뷰티/건강,안마의자,https://cjhello-hirental.co.kr//cjhello-hirental.co.kr/web/product/big/20200604/c3c41a36cd3b97aad2bef493e40b009f.jpg,1112,
LG헬로렌탈 코지마 안마의자 뉴트로W 화이트 CMC-A600-헬로하이렌탈,63900,엔터/뷰티/건강,안마의자,https://cjhello-hirental.co.kr//cjhello-hirental.co.kr/web/product/big/20200604/f6874147ae8917163ab693a5a438bd41.jpg,1111,
LG헬로렌탈 코지마 안마의자 카이저 CMC-1300B 39개월 48개월 60개월 약정 등록비면제-헬로하이렌탈,96900,엔터/뷰티/건강,안마의자,https://cjhello-hirental.co.kr//cjhello-hirental.co.kr/web/product/big/202008/e6282183250cff0e3188f5f58055e245.jpg,440,
LG헬로비전렌탈 브람스 안마의자 엘리스 베이지 S8080_엘리스 39개월 48개월 60개월 약정 등록비면제-헬로하이렌탈,99500,엔터/뷰티/건강,안마의자,https://cjhello-hirental.co.kr//cjhello-hirental.co.kr/web/product/big/20200626/e45db6f8b85a94eac4690e775cd2698b.jpg,45,
LG헬로렌탈 브람스 안마의자 뉴테드 카키 S7171_뉴테드 39개월 48개월 60개월 약정 등록비면제-헬로하이렌탈,78300,엔터/뷰티/건강,안마의자,https://cjhello-hirental.co.kr//cjhello-hirental.co.kr/web/product/big/20200626/be2bcfc0dbe67142ba86b4adcd746014.jpg,1023,
"LG헬로렌탈 브람스 안마의자 토파즈 A3838 39,48,60개월 약정 등록비면제-헬로하이렌탈",36900,엔터/뷰티/건강,안마의자,https://cjhello-hirental.co.kr//cjhello-hirental.co.kr/web/product/big/202010/f1ef83643fe54f7ad82fcc9caa57a5c7.jpg,1482,
LG헬로렌탈 브람스 안마의자 프라임 S3300 39개월 48개월 60개월 약정 등록비면제-헬로하이렌탈,36900,엔터/뷰티/건강,안마의자,https://cjhello-hirental.co.kr//cjhello-hirental.co.kr/web/product/big/202010/460f42e1954f212ba9277cfe448b8861.jpg,1481,
LG헬로비전렌탈 휴테크 안마의자 카이 S7 HT-M350 36개월 48개월 60개월 약정 등록비면제-헬로하이렌탈,63900,엔터/뷰티/건강,안마의자,https://cjhello-hirental.co.kr//cjhello-hirental.co.kr/web/product/big/202010/1af7f79b48242fc964a653d1b1d01921.jpg,1423,
삼성비스포크건조기,36900,생활가전,건조기,https://cjhello-hirental.co.kr//cjhello-hirental.co.kr/web/product/big/202412/8e049364b926469f38eac27d8b4abb14.jpg,2206,
LG 건조기,27900,생활가전,건조기,https://cjhello-hirental.co.kr//cjhello-hirental.co.kr/web/product/big/202407/f3738fac1464631ba7dbd1c616bfd484.jpg,2183,
삼성 비스포크 건조기 10kg,34900,생활가전,건조기,https://cjhello-hirental.co.kr//cjhello-hirental.co.kr/web/product/big/202311/28489a44b505602960ca61668fc4610a.jpg,2118,
삼성그랑데건조기,35900,생활가전,건조기,https://cjhello-hirental.co.kr//cjhello-hirental.co.kr/web/product/big/202311/8f913153c3883d0cb9336c5fb6b02c20.jpg,2117,
LG헬로비전렌탈 삼성 건조기 9kg 화이트 DV90TA040KE 36개월 48개월 60개월 약정 등록비면제-헬로하이렌탈,15000,생활가전,건조기,https://cjhello-hirental.co.kr//cjhello-hirental.co.kr/web/product/big/202105/ce3f5f243f2b585ba571e46c9b244798.jpg,2114,https://cjhello-hirental.co.kr/product/detail.html?product_no=1758&cate_no=104&display_group=1
LG헬로비전렌탈 미디어 트윈타워2 세탁기 12kg + 건조기 10kg TWIN-TOWER2 36개월 48개월 60개월 약정 등록비면제-헬로하이렌탈,40900,생활가전,건조기,https://cjhello-hirental.co.kr//cjhello-hirental.co.kr/web/product/big/202206/2b3acfd47ad1aeeb7576db0bc08a9353.jpg,1974,
LG헬로비전렌탈 LG 트롬 펫 트루 스팀 건조기 듀얼 인버터 히트펌프 17kg RH17ETE 36개월 48개월 60개월 약정 등록비면제-헬로하이렌탈,48900,생활가전,건조기,https://cjhello-hirental.co.kr//cjhello-hirental.co.kr/web/product/big/202203/65d810ad2f445959f701aeae95d35576.jpg,1967,
LG헬로비전렌탈 LG 트롬 트루 스팀 건조기 듀얼 인버터 히트펌프 17kg RH17KTA 36개월 48개월 60개월 약정 등록비면제-헬로하이렌탈,49900,생활가전,건조기,https://cjhello-hirental.co.kr//cjhello-hirental.co.kr/web/product/big/202203/4eeada4867d4d659587dad82bd120b01.jpg,1966,
LG헬로렌탈 삼성 그랑데 건조기 이녹스 17kg DV17T8520BP 36개월 48개월 60개월 약정 등록비면제-헬로하이렌탈,37900,생활가전,건조기,https://cjhello-hirental.co.kr//cjhello-hirental.co.kr/web/product/big/202202/6da8599b57ea3e1cfe918f2569de37d4.jpg,1936,
LG헬로비전렌탈 위니아딤채 크린 건조기 10kg WWR10MEWI 36개월 48개월 60개월 약정 등록비면제-헬로하이렌탈,22900,생활가전,건조기,https://cjhello-hirental.co.kr//cjhello-hirental.co.kr/web/product/big/202201/92c40048ecc9d33c8b4d41bc1c114c03.jpg,1918,
LG헬로비전렌탈 LG 트롬 듀얼 인버터 건조기 16kg RH16VTN 36개월 48개월 60개월 약정 등록비면제-헬로하이렌탈,37800,생활가전,건조기,https://cjhello-hirental.co.kr//cjhello-hirental.co.kr/web/product/big/202106/49202a00cd7814a7f3b57f3a76ddd426.jpg,1834,
LG헬로렌탈 LG 트롬 세탁기 17kg + 건조기 16kg F17VDAP(16PKG)-헬로하이렌탈,69900,생활가전,건조기,https://cjhello-hirental.co.kr//cjhello-hirental.co.kr/web/product/big/202106/efb58bb270e2587f9adac812c884d821.jpg,1830,
LG헬로비전렌탈 위니아딤채 크린 건조기 16kg WWR16GEW 36개월 48개월 60개월 약정 등록비면제-헬로하이렌탈,23900,생활가전,건조기,https://cjhello-hirental.co.kr//cjhello-hirental.co.kr/web/product/big/202106/dba959ac5825ab3f1cbb90cbb409cf46.jpg,1812,
LG헬로비전렌탈 삼성 건조기 9kg 화이트 DV90TA040KE 36개월 48개월 60개월 약정 등록비면제-헬로하이렌탈,15000,생활가전,건조기,https://cjhello-hirental.co.kr//cjhello-hirental.co.kr/web/product/big/202105/ce3f5f243f2b585ba571e46c9b244798.jpg,1758,https://cjhello-hirental.co.kr/product/detail.html?product_no=1635&cate_no=104&display_group=1
LG헬로비전렌탈 미디어 트윈타워 세탁기 12kg + 건조기 10kg TWIN-TOWER 36개월 48개월 60개월 약정 등록비면제-헬로하이렌탈,36900,생활가전,건조기,https://cjhello-hirental.co.kr//cjhello-hirental.co.kr/web/product/big/202103/42f1d91be57497e3221131356d7089d7.jpg,1635,https://cjhello-hirental.co.kr/product/detail.html?product_no=1635&cate_no=104&display_group=1
삼성 세탁기,64900,생활가전,건조기,https://cjhello-hirental.co.kr//cjhello-hirental.co.kr/web/product/big/202012/c5baa7c4f6fd8bc59fce663ca45054a7.jpg,1562,
LG헬로렌탈 삼성 건조기 9kg,35900,생활가전,건조기,https://cjhello-hirental.co.kr//cjhello-hirental.co.kr/web/product/big/202310/828a3d2c2cfab9c5c051c7c6c2d19b8a.jpg,1454,
LG헬로렌탈 LG 트롬 듀얼 인버터 건조기 9kg 화이트 RH9WV-헬로하이렌탈,27900,생활가전,건조기,https://cjhello-hirental.co.kr//cjhello-hirental.co.kr/web/product/big/202008/3db1d797f81cab6f62ebbfa8f8db5ed4.jpg,1397,
LG헬로렌탈 LG 트롬 듀얼 인버터 건조기 16kg RH16KT-헬로하이렌탈,58900,생활가전,건조기,https://cjhello-hirental.co.kr//cjhello-hirental.co.kr/web/product/big/20200406/232d171c509226488f1994ad60db5b77.jpg,1225,
LG헬로비전렌탈 LG 트롬 듀얼 인버터 건조기 16kg RH16VT 36개월 48개월 60개월 약정 등록비면제-헬로하이렌탈,47500,생활가전,건조기,https://cjhello-hirental.co.kr//cjhello-hirental.co.kr/web/product/big/20200406/aa19ccf9e86f60aff611479b30a77a9c.jpg,1224,
헬로렌탈 LG 트롬 듀얼 인버터 건조기 16kg RH16WT 36개월 48개월 60개월 약정 등록비면제-헬로하이렌탈,45000,생활가전,건조기,https://cjhello-hirental.co.kr//cjhello-hirental.co.kr/web/product/big/20200406/c00ac5798ea7a14878e9233557c8807c.jpg,1223,
LG헬로렌탈 LG 오브제컬렉션 식기세척기 12인용 스팀 DUBJ2VA 36개월 48개월 60개월 약정 등록비면제-헬로하이렌탈,49900,주방가전,식기세척기,https://cjhello-hirental.co.kr//cjhello-hirental.co.kr/web/product/big/202106/b52a7d828932e4df2c23bbe36104750d.jpg,1821,
LG헬로렌탈 LG 오브제컬렉션 식기세척기 12인용 스팀 DUBJ2GA 36개월 48개월 60개월 약정 등록비면제-헬로하이렌탈,49900,주방가전,식기세척기,https://cjhello-hirental.co.kr//cjhello-hirental.co.kr/web/product/big/202106/8fdff7b40ad9eea728310e3acb23f06d.jpg,1820,
LG헬로렌탈 LG 오브제컬렉션 식기세척기 12인용 스팀 DUBJ2EA 36개월 48개월 60개월 약정 등록비면제-헬로하이렌탈,49900,주방가전,식기세척기,https://cjhello-hirental.co.kr//cjhello-hirental.co.kr/web/product/big/202106/9a59ae9ea180d19ab3c834589fd220c4.jpg,1819,
헬로렌탈 삼성 BESPOKE 식기세척기 12인용 글램핑크 DW60T8075LP 36개월 48개월 60개월 약정 등록비 면제-헬로하이렌탈,40700,주방가전,식기세척기,https://cjhello-hirental.co.kr//cjhello-hirental.co.kr/web/product/big/202008/9fbc8d39a18129e5631ff078155fbad2.jpg,1383,
LG헬로비전렌탈 삼성 BESPOKE 식기세척기 12인용 글램화이트 DW60T8075LE 36개월 48개월 60개월 약정 등록비 면제-헬로하이렌탈,40700,주방가전,식기세척기,https://cjhello-hirental.co.kr//cjhello-hirental.co.kr/web/product/big/202008/b69f66b7349e567dcccd403a84dc7157.jpg,1382,
LG헬로비전렌탈 쿠쿠 전기레인지 3구 인덕션 CIR-CLT301FG/S 36개월 약정 등록비면제-헬로하이렌탈,39900,주방가전,전기레인지,https://cjhello-hirental.co.kr//cjhello-hirental.co.kr/web/product/big/202106/c6d62a6685e4f63106b2fd1ff0dd6db8.jpg,1826,
LG헬로비전렌탈 쿠쿠 전기레인지 3구 하이브리드 블랙실버 CIHR-HLT302FS 36개월 약정 등록비면제-헬로하이렌탈,24500,주방가전,전기레인지,https://cjhello-hirental.co.kr//cjhello-hirental.co.kr/web/product/big/202105/fac82dc095a32bdafca556e0922e6ae2.jpg,1769,
LG헬로렌탈 쿠쿠 전기레인지 3구 하이브리드 블랙 CIHR-DL307FB 36개월 약정 등록비면제-헬로하이렌탈,29400,주방가전,전기레인지,https://cjhello-hirental.co.kr//cjhello-hirental.co.kr/web/product/big/202105/3a2a282a121360be1574f991c962cc7d.jpg,1768,
LG헬로렌탈 삼성 전기레인지 3구 하이브리드 블랙 NZ63T5601AK 36개월 48개월 60개월 약정 등록비면제-헬로하이렌탈,20900,주방가전,전기레인지,https://cjhello-hirental.co.kr//cjhello-hirental.co.kr/web/product/big/202104/c8e6c5360a8542cfbf011b665cf0bf94.jpg,1690,
LG헬로렌탈 삼성 전기레인지 3구 인덕션 블랙 NZ63T6707MR 36개월 48개월 60개월 약정 등록비면제-헬로하이렌탈,23000,주방가전,전기레인지,https://cjhello-hirental.co.kr//cjhello-hirental.co.kr/web/product/big/202104/51e2c347fbfe66acef9a68a368866edb.jpg,1689,
휴렉음식물처리기,34900,주방가전,음식물처리기,https://cjhello-hirental.co.kr//cjhello-hirental.co.kr/web/product/big/202501/098092377bf95e3e488052e25c5acca6.jpg,2199,https://cjhello-hirental.co.kr/product/detail.html?product_no=2217&cate_no=160&display_group=1
스마트카라,21900,주방가전,음식물처리기,https://cjhello-hirental.co.kr//cjhello-hirental.co.kr/web/product/big/202410/8ee4c7e71139819a80fe1624f5d1c6b5.jpg,2201,https://cjhello-hirental.co.kr/product/detail.html?product_no=2201&cate_no=160&display_group=1
스마트카라,27900,주방가전,음식물처리기,https://cjhello-hirental.co.kr//cjhello-hirental.co.kr/web/product/big/202503/0040144d1e7a9f033af2cda2a5ba5113.jpg,2215,https://cjhello-hirental.co.kr/product/detail.html?product_no=2215&cate_no=160&display_group=1
휴렉,29900,주방가전,음식물처리기,https://cjhello-hirental.co.kr//cjhello-hirental.co.kr/web/product/big/202504/3ceedac2b1fc49e3027c77fe1e830c11.jpg,2216,
휴렉 히어로,29900,주방가전,음식물처리기,https://cjhello-hirental.co.kr//cjhello-hirental.co.kr/web/product/big/202504/8a4477d9e12d7b5c4d6244c689eca807.jpg,2217,
삼성 김치냉장고,41900,주방가전,김치냉장고,https://cjhello-hirental.co.kr//cjhello-hirental.co.kr/web/product/big/202411/88a3e85ba8e90b2bd6f452ba36a1902f.jpg,2203,
삼성 김치냉장고,41900,주방가전,김치냉장고,https://cjhello-hirental.co.kr//cjhello-hirental.co.kr/web/product/big/202411/ac1933061888c418e3330cb66116709b.jpg,2202,
LG헬로렌탈 위니아 딤채 김치냉장고 스탠드형 330L 비쥬딥실버 EDT33HBRJDT 36개월 48개월 60개월 약정 등록비면제-헬로하이렌탈,47900,주방가전,김치냉장고,https://cjhello-hirental.co.kr//cjhello-hirental.co.kr/web/product/big/202310/fb5f437d0e546a63266b79aeb01708d0.jpg,1960,
LG헬로렌탈 위니아 딤채 김치냉장고 4도어 스탠드형 551L 비쥬딥실버 EDQ57HBRJDS 36개월 48개월 60개월 약정 등록비면제-헬로하이렌탈,81900,주방가전,김치냉장고,https://cjhello-hirental.co.kr//cjhello-hirental.co.kr/web/product/big/202310/a19ce71cacf9a317d1e1f99b711c518d.jpg,1919,
"LG헬로렌탈 삼성 4도어 김치플러스 김치냉장고 490L 스탠드형 RQ49C9003S9 36,48,60개월 약정 등록비면제-헬로하이렌탈",60900,주방가전,김치냉장고,https://cjhello-hirental.co.kr//cjhello-hirental.co.kr/web/product/big/202310/763512bb77044e4de74bfa01c2aaed69.jpg,1894,
LG헬로비전렌탈 삼성 김치냉장고 김치플러스 1도어 뚜껑형 126L 실버 RP13A1021Z1 36개월 48개월 60개월 약정 등록비면제-헬로하이렌탈,19900,주방가전,김치냉장고,https://cjhello-hirental.co.kr//cjhello-hirental.co.kr/web/product/big/202111/8cc84f02a51fc45e2fd3dde9a4b8a4e4.jpg,1893,
LG헬로렌탈 LG전자 3도어 스탠드형 김치냉장고 327L K331W142 36개월 48개월 60개월 약정 등록비면제-헬로하이렌탈,49900,주방가전,김치냉장고,https://cjhello-hirental.co.kr//cjhello-hirental.co.kr/web/product/big/202110/e92c3ce583c2b5b8e9bf98dd1b0f8c46.jpg,1876,
LG헬로렌탈 LG 4도어 스탠드형 김치냉장고 402L K411W141-헬로하이렌탈,60900,주방가전,김치냉장고,https://cjhello-hirental.co.kr//cjhello-hirental.co.kr/web/product/big/202110/eab745c87d9b05e4f56a15d221c43f63.jpg,1875,
LG헬로렌탈 LG 4도어 스탠드형 김치냉장고 402L K411MB191-헬로하이렌탈,63900,주방가전,김치냉장고,https://cjhello-hirental.co.kr//cjhello-hirental.co.kr/web/product/big/202110/4b54fce8e46f3704a741f041954c372e.jpg,1874,
LG헬로렌탈 LG전자 3도어 스탠드형 김치냉장고 327L K331MB191 36개월 48개월 60개월 약정 등록비면제-헬로하이렌탈,48900,주방가전,김치냉장고,https://cjhello-hirental.co.kr//cjhello-hirental.co.kr/web/product/big/202110/c88961e839c9347596643d4296571324.jpg,1873,
LG헬로렌탈 위니아 딤채 김치냉장고 1도어 뚜껑형 120L 실버 WDL12HETRS 36개월 약정 등록비면제-헬로하이렌탈,16900,주방가전,김치냉장고,https://cjhello-hirental.co.kr//cjhello-hirental.co.kr/web/product/big/202310/a170b1324c1950eb35bf52bae1de4466.jpg,1526,
LG헬로렌탈 위니아 딤채 김치냉장고 2도어 뚜껑형 153L 실버 EDL16HFWSSS  36개월 48개월 60개월 약정 등록비면제-헬로하이렌탈,20900,주방가전,김치냉장고,https://cjhello-hirental.co.kr//cjhello-hirental.co.kr/web/product/big/202310/6a7215635dbf75f827624eec23cda8cc.jpg,1525,
삼성 김치냉장고,49900,주방가전,김치냉장고,https://cjhello-hirental.co.kr//cjhello-hirental.co.kr/web/product/big/202310/36510f352eb3f04e2ae6b266e88ec8ec.jpg,1458,
LG헬로렌탈 삼성 2도어 뚜껑형 김치냉장고 221L RP22A31A1Z1 36개월 48개월 60개월 약정 등록비면제-헬로하이렌탈,33900,주방가전,김치냉장고,https://cjhello-hirental.co.kr//cjhello-hirental.co.kr/web/product/big/202111/cf1abed57afc6048638f863eae36b939.jpg,1457,
LG헬로렌탈 위니아 딤채 쁘띠형 김치냉장고 100L WDS10HPACRS 36개월 48개월 60개월 약정 등록비면제-헬로하이렌탈,21900,주방가전,김치냉장고,https://cjhello-hirental.co.kr//cjhello-hirental.co.kr/web/product/big/202310/97f9be03dd8b943ab0f6836c48dbd57c.jpg,1425,
LG헬로렌탈 삼성 전자레인지 큐커 22L 썬옐로우 MO22A7797CV 36개월 48개월 60개월 약정 등록비 면제-헬로하이렌탈,18900,주방가전,오븐,https://cjhello-hirental.co.kr//cjhello-hirental.co.kr/web/product/big/202111/f10401a2502ced0762f1b78f5139fdb5.jpg,1878,
LG헬로렌탈 삼성 전자레인지 큐커 22L 글램핑크 MO22A7797CP 36개월 약정 등록비 면제-헬로하이렌탈,18900,주방가전,오븐,https://cjhello-hirental.co.kr//cjhello-hirental.co.kr/web/product/big/202111/cb1389cb0177133dd529a31179650ce1.jpg,1877,
고양이 화장실,25900,생활가전,반려동물,https://cjhello-hirental.co.kr//cjhello-hirental.co.kr/web/product/big/202412/95f9e5b8a386bbbd87040819724a2d1e.jpg,2207,
"붐펫 펫드라이룸 로투스 듀얼 화이트 반려동물용품 36,48,60개월 의무사용-헬로하이렌탈",44200,생활가전,반려동물,https://cjhello-hirental.co.kr//cjhello-hirental.co.kr/web/product/big/202408/7f79f8d89b1b1b424dfb088e880f4128.jpg,2189,
붐펫펫드라이룸로투스,30800,생활가전,반려동물,https://cjhello-hirental.co.kr//cjhello-hirental.co.kr/web/product/big/202408/aabd2fb7df806813bd7de55695bbff9b.jpg,2188,
붐펫펫드라이룸듀얼,35300,생활가전,반려동물,https://cjhello-hirental.co.kr//cjhello-hirental.co.kr/web/product/big/202408/5d5b6158b68dcfc1fdb2687b9930be06.jpg,2187,
붐펫펫드라이룸,24200,생활가전,반려동물,https://cjhello-hirental.co.kr//cjhello-hirental.co.kr/web/product/big/202408/9890c38b4d3060e7da515154e0f50166.jpg,2186,
피카노리  펫 유모차 위니,11900,생활가전,반려동물,https://cjhello-hirental.co.kr//cjhello-hirental.co.kr/web/product/big/202312/232254f85041a340e3f98f8ccd313402.jpg,2143,
피카노리  펫 유모차 위니,11900,생활가전,반려동물,https://cjhello-hirental.co.kr//cjhello-hirental.co.kr/web/product/big/202312/71513bed0f2a574410f8ded4604d3096.jpg,2142,
피카노리 펫유모차 위니,11900,생활가전,반려동물,https://cjhello-hirental.co.kr//cjhello-hirental.co.kr/web/product/big/202312/167fec39f3a6702ef6b352d32bfe161a.jpg,2141,
피카노리 펫유모차 위니,11900,생활가전,반려동물,https://cjhello-hirental.co.kr//cjhello-hirental.co.kr/web/product/big/202312/c865610e6cd5abccbb223994ffe33c9c.jpg,2140,
피카노리 위니 펫유모차,11900,생활가전,반려동물,https://cjhello-hirental.co.kr//cjhello-hirental.co.kr/web/product/big/202312/c865610e6cd5abccbb223994ffe33c9c.jpg,2139,
반려동물 미용기,8800,생활가전,반려동물,https://cjhello-hirental.co.kr//cjhello-hirental.co.kr/web/product/big/202312/b4c4ea729af59fc353dac6fddacabc3d.jpg,2135,
화이트폴캣타워,17900,생활가전,반려동물,https://cjhello-hirental.co.kr//cjhello-hirental.co.kr/web/product/big/202312/5e4e3b2e45fb3dd748faa48d571b83e3.jpg,2134,
캣링크,8800,생활가전,반려동물,https://cjhello-hirental.co.kr//cjhello-hirental.co.kr/web/product/big/202312/9e31d336d22a762461d49ab11a5cdb02.jpg,2133,
LG헬로렌탈 아베크 펫드라이룸 토탈샬균케어룸  AHC-201  일반형-헬로하이렌탈,20900,생활가전,반려동물,https://cjhello-hirental.co.kr//cjhello-hirental.co.kr/web/product/big/202312/9a1a7240bd2730d5763dee9a2d4cd978.png,2128,
아베크 펫드라이룸 펫하우스  AHC-202 고급형-헬로하이렌탈,26900,생활가전,반려동물,https://cjhello-hirental.co.kr//cjhello-hirental.co.kr/web/product/big/202312/c4d39ab63b2a7f9ae38cf02b994d1f67.jpg,2127,
고양이 화장실,17900,생활가전,반려동물,https://cjhello-hirental.co.kr//cjhello-hirental.co.kr/web/product/big/202308/7cbfb9cafdf6e3d372838419a6ecda5d.jpg,2053,
페페 펫드라이룸,24900,생활가전,반려동물,https://cjhello-hirental.co.kr//cjhello-hirental.co.kr/web/product/big/202308/bfee4330db3423ea264c767eb25e9b76.jpg,2052,
페페 펫드라이룸,17900,생활가전,반려동물,https://cjhello-hirental.co.kr//cjhello-hirental.co.kr/web/product/big/202312/7a84f106440ef874552fc579fda45d8f.jpg,2051,
나인닷 펫러너 NDP100 반려용품 36개월의무사용 등록비면제-헬로하이렌탈,24900,생활가전,반려동물,https://cjhello-hirental.co.kr//cjhello-hirental.co.kr/web/product/big/202108/acc70875817e8abbb0d3ba9376b875ec.jpg,1861,
LG헬로렌탈 리틀캣 어플 연동 스마트 캣링 B612-CAT-PLANET 36개월 48개월 60개월 약정 등록비면제-헬로하이렌탈,22900,생활가전,반려동물,https://cjhello-hirental.co.kr//cjhello-hirental.co.kr/web/product/big/202106/3816444fa107daa1f89247e158e71f2a.jpg,1827,
LG헬로렌탈 쿠쿠 넬로 펫 스마트 급식기+급수기 NF-A10W/NW-BS150UW 36개월 약정 등록비면제-헬로하이렌탈,15500,생활가전,반려동물,https://cjhello-hirental.co.kr//cjhello-hirental.co.kr/web/product/big/202106/53d424c658d06d8d2f1c2c0f9467adf3.jpg,1824,
LG헬로렌탈 쿠쿠 트윈프레셔 전기 압력 밥솥 CRP-ST1010FW 36개월의무약정 등록비 면제-헬로하이렌탈,14900,주방가전,밥솥,https://cjhello-hirental.co.kr//cjhello-hirental.co.kr/web/product/big/202308/1070cd669f906094485dc56f327e6bc5.jpg,2069,
"LG헬로렌탈 쿠첸 더핏 전기압력 밥솥 10인용 CRS-FWD1041W 24,36개월 약정 등록비면제-헬로하이렌탈",8800,주방가전,밥솥,https://cjhello-hirental.co.kr//cjhello-hirental.co.kr/web/product/big/202308/33c7b7b65f47bb91f28777ebaf2067fa.jpg,2068,
헬로비전렌탈 쿠쿠 10인용 IH 전기압력밥솥 CRP-LHLR1010FW 36개월 약정 등록비면제-헬로하이렌탈,27900,주방가전,밥솥,https://cjhello-hirental.co.kr//cjhello-hirental.co.kr/web/product/big/202106/1b2cff08e0c0b6221a1812668b4110c6.jpg,1818,
LG헬로렌탈 쿠쿠 6인용 IH 전기압력밥솥 CRP-LHTR0610FD 36개월 약정 등록비면제-헬로하이렌탈,23600,주방가전,밥솥,https://cjhello-hirental.co.kr//cjhello-hirental.co.kr/web/product/big/202106/02e023549ea784cd007a12a9fc85225e.jpg,1817,
LG헬로렌탈 쿠쿠 6인용 IH 전기압력밥솥 CRP-LHTR0610FW 36개월 약정 등록비면제-헬로하이렌탈,23600,주방가전,밥솥,https://cjhello-hirental.co.kr//cjhello-hirental.co.kr/web/product/big/202106/d76f47d9596ea0951bf3dfb6bfbe8889.jpg,1815,
LG헬로렌탈 쿠쿠 6인용 IH 전기압력밥솥 CRP-FHTR0610FS 36개월 약정 등록비면제-헬로하이렌탈,21900,주방가전,밥솥,https://cjhello-hirental.co.kr//cjhello-hirental.co.kr/web/product/big/202106/604499c5221448102beb5a028773da48.jpg,1814,
헬로비전렌탈 쿠쿠 10인용 IH 전기압력밥솥 CRP-FHTR1010FS 36개월 약정 등록비면제-헬로하이렌탈,25900,주방가전,밥솥,https://cjhello-hirental.co.kr//cjhello-hirental.co.kr/web/product/big/202106/c1b5345a6355d98773b0b2ad75abc3f0.jpg,1813,
LG헬로렌탈 쿠쿠 10인용 IH 전기압력밥솥 CRP-HWF1060FS 36개월 약정 등록비면제-헬로하이렌탈,13900,주방가전,밥솥,https://cjhello-hirental.co.kr//cjhello-hirental.co.kr/web/product/big/202105/8b9f49e87ec136f72b45b17096830a91.jpg,1772,
LG헬로렌탈 쿠쿠 10인용 전기압력밥솥 CRP-P104FB 36개월 약정 등록비면제-헬로하이렌탈,8800,주방가전,밥솥,https://cjhello-hirental.co.kr//cjhello-hirental.co.kr/web/product/big/202105/bdf6de341e17151545a0a54a5bb594cf.jpg,1770,
LG헬로렌탈 루컴즈 2도어 냉장고 262L R262M01-S 36개월 약정 등록비면제-헬로하이렌탈,21900,주방가전,냉장고,https://cjhello-hirental.co.kr//cjhello-hirental.co.kr/web/product/big/202501/3fe4edde6d54c810b6479ace4b1d7df9.jpg,2210,
에버젠 간냉식 업소용 냉장고,103800,주방가전,냉장고,https://cjhello-hirental.co.kr//cjhello-hirental.co.kr/web/product/big/202311/2b6b4da4f18d94630c11b6c79a89c74b.jpg,2098,
에버젠 간냉식 냉장고,97800,주방가전,냉장고,https://cjhello-hirental.co.kr//cjhello-hirental.co.kr/web/product/big/202311/8c48405cd9d4baf29c19f6d79164ac57.jpg,2097,
LG헬로렌탈 LG 오브제컬렉션 빌트인 냉장고 2도어 652L S634MGW12Q-헬로하이렌탈,44900,주방가전,냉장고,https://cjhello-hirental.co.kr//cjhello-hirental.co.kr/web/product/big/202309/fb9485636bbbb2f88cacb27966e7ae56.jpg,2070,
LG헬로렌탈 삼성 냉장고 4도어 비스포크 875L 글램화이트 RF85C90D235 36개월 48개월 60개월 약정 등록비면제-헬로하이렌탈,65900,주방가전,냉장고,https://cjhello-hirental.co.kr//cjhello-hirental.co.kr/web/product/big/202105/df3d3ca84725ac755108d2bf5a72d504.jpg,2042,
"LG헬로렌탈 삼성 냉장고 2도어 300L RT31CG5024S9 36, 48, 60개월 약정 등록비면제-헬로하이렌탈",19900,주방가전,냉장고,https://cjhello-hirental.co.kr//cjhello-hirental.co.kr/web/product/big/202308/05a05ad953507d231dc5b5abb161c1e6.png,2026,
LG헬로비전렌탈 위니아 냉장고 479L WWRW486EEGDDO 베이지 36개월 48개월 60개월 약정 등록비면제-헬로하이렌탈,38900,주방가전,냉장고,https://cjhello-hirental.co.kr//cjhello-hirental.co.kr/web/product/big/202307/239b95ed22630c0f65a7368bbd5fa931.jpg,2014,
헬로비전 LG 디오스 매직스페이스 냉장고 2도어 652L S634S32Q 등록비면제 36개월 48개월 60개월 약정 등록비면제-헬로하이렌탈,44900,주방가전,냉장고,https://cjhello-hirental.co.kr//cjhello-hirental.co.kr/web/product/big/202203/a21b64e1ea23aa5d550a0bb86156d0c7.jpg,1969,
헬로비전 LG 디오스 매직스페이스 오브제컬렉션 냉장고 2도어 832L S834BP20 등록비면제 36개월 48개월 60개월 약정 등록비면제-헬로하이렌탈,53900,주방가전,냉장고,https://cjhello-hirental.co.kr//cjhello-hirental.co.kr/web/product/big/202203/78395cd3a8dcc9efc87da7b6645116a6.jpg,1968,
LG헬로비전렌탈 엘지 오브제 냉동고 1도어 321L 메탈 블랙 Y320MBS 36개월 48개월 60개월 약정 등록비면제-헬로하이렌탈,41800,주방가전,냉장고,https://cjhello-hirental.co.kr//cjhello-hirental.co.kr/web/product/big/202201/6ff8c69480911b090b692a38665b3e5f.jpg,1933,
LG헬로비전렌탈 엘지 오브제 냉동고 1도어 321L 메탈 그레이 Y320MGS 36개월 48개월 60개월 약정 등록비면제-헬로하이렌탈,41800,주방가전,냉장고,https://cjhello-hirental.co.kr//cjhello-hirental.co.kr/web/product/big/202201/084560e9b6c9ad7ef9cce3ea75f9d985.jpg,1932,
LG헬로비전렌탈 엘지 오브제 냉동고 1도어 321L 메탈 화이트 Y320MWS 36개월 48개월 60개월 약정 등록비면제-헬로하이렌탈,41800,주방가전,냉장고,https://cjhello-hirental.co.kr//cjhello-hirental.co.kr/web/product/big/202201/5112fda71de44a3ca18aec8853b47712.jpg,1931,
LG헬로비전렌탈 엘지 오브제 냉동고 1도어 321L 글라스 레드우드 Y320GRS 36개월 48개월 60개월 약정 등록비면제-헬로하이렌탈,46400,주방가전,냉장고,https://cjhello-hirental.co.kr//cjhello-hirental.co.kr/web/product/big/202201/787e731787e6790bd9cb9376a9b2a1a4.jpg,1930,
LG헬로비전렌탈 엘지 오브제 냉동고 1도어 321L 글라스 클레인브라운 Y320GCS 36개월 48개월 60개월 약정 등록비면제-헬로하이렌탈,46400,주방가전,냉장고,https://cjhello-hirental.co.kr//cjhello-hirental.co.kr/web/product/big/202201/f84ce6aa627468e0a8f049eb78da8203.jpg,1929,
LG헬로비전렌탈 엘지 오브제 냉동고 1도어 321L 글라스 민트 Y320GM 36개월 48개월 60개월 약정 등록비면제-헬로하이렌탈,46400,주방가전,냉장고,https://cjhello-hirental.co.kr//cjhello-hirental.co.kr/web/product/big/202201/4480e86a4acd4cec7b8abadc653714ed.jpg,1928,
LG헬로비전렌탈 엘지 오브제 냉동고 1도어 321L 글라스 핑크 Y320GP 36개월 48개월 60개월 약정 등록비면제-헬로하이렌탈,46400,주방가전,냉장고,https://cjhello-hirental.co.kr//cjhello-hirental.co.kr/web/product/big/202201/24d60fa452d30a18df86a9f5a9087b64.jpg,1927,
LG헬로비전렌탈 엘지 오브제 냉동고 1도어 321L 글라스 실버 Y320GS 36개월 48개월 60개월 약정 등록비면제-헬로하이렌탈,46400,주방가전,냉장고,https://cjhello-hirental.co.kr//cjhello-hirental.co.kr/web/product/big/202201/4fdcc04bc56387584b2f9df24f2da57b.jpg,1926,
LG헬로비전렌탈 엘지 오브제 냉동고 1도어 321L 글라스 베이지 Y320GB 36개월 48개월 60개월 약정 등록비면제-헬로하이렌탈,46400,주방가전,냉장고,https://cjhello-hirental.co.kr//cjhello-hirental.co.kr/web/product/big/202201/b5838842b587fae3138d51cd0144e630.jpg,1925,
LG헬로비전렌탈 엘지 오브제 냉동고 1도어 321L 스테인리스 그린 Y320SGS 36개월 48개월 60개월 약정 등록비면제-헬로하이렌탈,50900,주방가전,냉장고,https://cjhello-hirental.co.kr//cjhello-hirental.co.kr/web/product/big/202201/08dc2880ed2460358401291f0c6657c2.jpg,1924,
LG헬로비전렌탈 엘지 오브제 냉동고 1도어 321L 스테인리스 실버 Y320SSS 36개월 48개월 60개월 약정 등록비면제-헬로하이렌탈,50900,주방가전,냉장고,https://cjhello-hirental.co.kr//cjhello-hirental.co.kr/web/product/big/202201/4ac17231a9f868fc38faa0a103b8910b.jpg,1923,
"LG헬로렌탈 위니아 냉장고 562L WWRG568EEMTS1 의무약정 36,48,60개월 등록비면제-헬로하이렌탈",24200,주방가전,냉장고,https://cjhello-hirental.co.kr//cjhello-hirental.co.kr/web/product/big/202112/38258fcb1ac3657221709cb639b8093e.jpg,1901,
LG헬로렌탈 삼성 냉장고 3도어 846L RS84B5001CW36개월 48개월 60개월 약정 등록비면제-헬로하이렌탈,37900,주방가전,냉장고,https://cjhello-hirental.co.kr//cjhello-hirental.co.kr/web/product/big/202112/8aac940d01cb336cba9509ef168d8c79.jpg,1898,
LG헬로비전렌탈 엘지 오브제 냉장고 1도어 384L 메탈블랙 X321MBS 36개월 48개월 60개월 약정 등록비면제-헬로하이렌탈,39900,주방가전,냉장고,https://cjhello-hirental.co.kr//cjhello-hirental.co.kr/web/product/big/202111/1889e652fa28ddf89233ae43e84c8aa1.jpg,1890,
LG헬로비전렌탈 엘지 오브제 냉장고 1도어 384L 메탈그레이 X321MGS 36개월 48개월 60개월 약정 등록비면제-헬로하이렌탈,39900,주방가전,냉장고,https://cjhello-hirental.co.kr//cjhello-hirental.co.kr/web/product/big/202111/d2cfff71488b10f620953499708fdd02.jpg,1889,
LG헬로비전렌탈 엘지 오브제 냉장고 1도어 384L 메탈화이트 X321MWS 36개월 48개월 60개월 약정 등록비면제-헬로하이렌탈,39900,주방가전,냉장고,https://cjhello-hirental.co.kr//cjhello-hirental.co.kr/web/product/big/202111/96391315d3257330cf501966a1a95d43.jpg,1888,
LG헬로비전렌탈 엘지 오브제 냉장고 1도어 384L 글라스레드우드 X321GRS 36개월 48개월 60개월 약정 등록비면제-헬로하이렌탈,44900,주방가전,냉장고,https://cjhello-hirental.co.kr//cjhello-hirental.co.kr/web/product/big/202111/66ade5541600afd98d9921c331039608.jpg,1887,
LG헬로비전렌탈 엘지 오브제 냉장고 1도어 384L 글라스클레인브라운 X321GCS 36개월 48개월 60개월 약정 등록비면제-헬로하이렌탈,46900,주방가전,냉장고,https://cjhello-hirental.co.kr//cjhello-hirental.co.kr/web/product/big/202111/35d98701f7c94044871fc6efa77dc3c0.jpg,1886,
LG헬로비전렌탈 엘지 오브제 냉장고 1도어 384L 글라스민트 X321GMS 36개월 48개월 60개월 약정 등록비면제-헬로하이렌탈,44900,주방가전,냉장고,https://cjhello-hirental.co.kr//cjhello-hirental.co.kr/web/product/big/202111/fea63ddf15036d52fb198f682ffa9833.jpg,1885,
LG헬로비전렌탈 엘지 오브제 냉장고 1도어 384L 글라스핑크 X321GPS 36개월 48개월 60개월 약정 등록비면제-헬로하이렌탈,46300,주방가전,냉장고,https://cjhello-hirental.co.kr//cjhello-hirental.co.kr/web/product/big/202111/4265a66f07b2e105e30afbf0089c0628.jpg,1884,
LG헬로비전렌탈 엘지 오브제 냉장고 1도어 384L 글라스 실버 X321GSS 36개월 48개월 60개월 약정 등록비면제-헬로하이렌탈,44900,주방가전,냉장고,https://cjhello-hirental.co.kr//cjhello-hirental.co.kr/web/product/big/202111/78ea22cbdf763f8d893f14dbe4312a0c.jpg,1883,
LG헬로비전렌탈 엘지 오브제 냉장고 1도어 384L 글라스베이지 X321GB 36개월 48개월 60개월 약정 등록비면제-헬로하이렌탈,44900,주방가전,냉장고,https://cjhello-hirental.co.kr//cjhello-hirental.co.kr/web/product/big/202111/48449103ae413bd7d1e520dc87e55ff1.jpg,1882,
LG헬로비전렌탈 엘지 오브제 냉장고 1도어 384L 스테인리스 맨해튼미드나잇 X321SMS 36개월 48개월 60개월 약정 등록비면제-헬로하이렌탈,49900,주방가전,냉장고,https://cjhello-hirental.co.kr//cjhello-hirental.co.kr/web/product/big/202111/ccc2ce759f4da303f65f4b4a2ba829ca.jpg,1881,
LG헬로비전렌탈 엘지 오브제 냉장고 1도어 384L 스테인리스 그린 X321SGS 36개월 48개월 60개월 약정 등록비면제-헬로하이렌탈,49900,주방가전,냉장고,https://cjhello-hirental.co.kr//cjhello-hirental.co.kr/web/product/big/202111/359ff788cafee6a045ca94e01880fac4.jpg,1880,
LG헬로비전렌탈 엘지 오브제 냉장고 1도어 384L 스테인리스 실버 X321SSS 36개월 48개월 60개월 약정 등록비면제-헬로하이렌탈,49900,주방가전,냉장고,https://cjhello-hirental.co.kr//cjhello-hirental.co.kr/web/product/big/202111/1986bed7c9cfd8af65e6744f1605ac1b.jpg,1879,
LG헬로비전렌탈 위니아 딤채 프렌치 냉장고 802L WWRG818ESJMD1 36개월 48개월 60개월 약정 등록비면제-헬로하이렌탈,50900,주방가전,냉장고,https://cjhello-hirental.co.kr//cjhello-hirental.co.kr/web/product/big/202106/9e03392943bdbdd88ffe2e73ea7d8a2f.jpg,1797,
LG헬로비전렌탈 위니아 딤채 프렌치 냉장고 870L WWRW928EEGDM1 36개월 48개월 60개월 약정 등록비면제-헬로하이렌탈,68900,주방가전,냉장고,https://cjhello-hirental.co.kr//cjhello-hirental.co.kr/web/product/big/202106/92778f663908c4275e30c6b5a0e9d934.jpg,1794,
LG헬로비전렌탈 삼성 냉장고 4도어 비스포크 875L 코타화이트 RF85A9103APW 36개월 48개월 60개월 약정 등록비면제-헬로하이렌탈,58900,주방가전,냉장고,https://cjhello-hirental.co.kr//cjhello-hirental.co.kr/web/product/big/202105/a8dd12f9a80c9a2c4424ea5e08797eef.jpg,1723,
LG헬로비전렌탈 삼성 냉장고 4도어 비스포크 875L 브라우니 실버 RF85A9103APT1 36개월 48개월 60개월 약정 등록비면제-헬로하이렌탈,58900,주방가전,냉장고,https://cjhello-hirental.co.kr//cjhello-hirental.co.kr/web/product/big/202105/bf6145772dd9f5c0b57a865afe73226c.jpg,1722,
LG헬로렌탈 LG 2도어 냉장고 507L B501W32 B502W33-헬로하이렌탈,24900,주방가전,냉장고,https://cjhello-hirental.co.kr//cjhello-hirental.co.kr/web/product/big/202105/94d043ad6a15fbcd2bbc0c0c39a19b1c.jpg,1718,
LG헬로렌탈 LG 2도어 냉장고 480L B471W32  B472W33-헬로하이렌탈,24900,주방가전,냉장고,https://cjhello-hirental.co.kr//cjhello-hirental.co.kr/web/product/big/202105/25e16859ccaf90fd1e9c1a2d59754c83.jpg,1717,
LG헬로비전렌탈 루컴즈 4도어 냉장고 482L R48K01-S 36개월 48개월 60개월 약정 등록비면제-헬로하이렌탈,25900,주방가전,냉장고,https://cjhello-hirental.co.kr//cjhello-hirental.co.kr/web/product/big/202104/6e992cdd2d04f6205dc964ea5e6031e7.jpg,1656,
LG헬로비전렌탈 루컴즈 1도어 냉동고 256L F265K06-S 36개월 약정 등록비면제-헬로하이렌탈,28900,주방가전,냉장고,https://cjhello-hirental.co.kr//cjhello-hirental.co.kr/web/product/big/202103/e2e45d5a73dd4cf411e4ff5ff3bd9f0a.jpg,1631,
LG헬로렌탈 LG 2도어 냉장고 462L M451MC93-헬로하이렌탈,35900,주방가전,냉장고,https://cjhello-hirental.co.kr//cjhello-hirental.co.kr/web/product/big/202102/ca675d52bb10afc051b6300f0529fdae.jpg,1615,
LG헬로렌탈 삼성 냉장고 3도어 846L RS84B5061M9 36개월 48개월 60개월 약정 등록비면제-헬로하이렌탈,44900,주방가전,냉장고,https://cjhello-hirental.co.kr//cjhello-hirental.co.kr/web/product/big/202008/53a357b0352b239211d1db315e5091d3.jpg,1381,
LG헬로비전렌탈 루컴즈 1도어 냉장고 48L R048K03-B 36개월 약정 등록비면제-헬로하이렌탈,9000,주방가전,냉장고,https://cjhello-hirental.co.kr//cjhello-hirental.co.kr/web/product/big/20200603/17620220a84aeec2695968efb4ab476a.jpg,1309,
LG헬로비전렌탈 가전렌탈 렌탈서비스 삼성 냉장고렌탈 815L RS82M6000SA 36개월 48개월 60개월의 약정 등록비면제 양문형냉장고 삼성가전-헬로하이렌탈,33900,주방가전,냉장고,https://cjhello-hirental.co.kr//cjhello-hirental.co.kr/web/product/big/20200624/cb0a053545a16958f7466ef7f89e6e25.jpg,1173,
LG헬로렌탈 삼성 냉장고 3도어 양문형 635L 젠틀블랙 RS63R557EB4 36개월 48개월 60개월 약정 등록비면제-헬로하이렌탈,40900,주방가전,냉장고,https://cjhello-hirental.co.kr//cjhello-hirental.co.kr/web/product/big/20200624/0cd101191ee022123041cac44ab42460.jpg,1062,
LG헬로렌탈LG 2도어 냉장고 592L B602W33 화이트-헬로하이렌탈,32900,주방가전,냉장고,https://cjhello-hirental.co.kr//cjhello-hirental.co.kr/web/product/big/20200624/ccd0d875dc65c15d9093edf1c7335869.jpg,877,
LG헬로렌탈 삼성 냉장고렌탈 2도어 499L RT50K6035SL-헬로하이렌탈,29500,주방가전,냉장고,https://cjhello-hirental.co.kr//cjhello-hirental.co.kr/web/product/big/20200624/c5c27e95f4c6bdeed0dbc2a86e65dd78.jpg,336,
삼성 냉장고 2도어 255L RT25NARAHS8 36개월의무사용 등록비면제 가전제품렌탈 본사배송 소형냉장고 원룸냉장고-헬로하이렌탈,21900,주방가전,냉장고,https://cjhello-hirental.co.kr//cjhello-hirental.co.kr/web/product/big/20200624/ffc36f47db417555954298cd82d703c6.jpg,781,
삼성 냉장고 2도어 317L 36개월의무 등록비면제 본사배송설치 2도어냉장고렌탈-헬로하이렌탈,25900,주방가전,냉장고,https://cjhello-hirental.co.kr//cjhello-hirental.co.kr/web/product/big/20200625/40378157c95eed6080f1ff0fe0604531.jpg,712,
삼성냉장고,37900,주방가전,냉장고,https://cjhello-hirental.co.kr//cjhello-hirental.co.kr/web/product/big/202104/7b59b54de4dd3a2f610fea632ab2dd43.jpg,104,
헬로렌탈 코스텔 냉장고 107L 블랙 CRS-107HAMB 60개월 약정 등록비면제-헬로하이렌탈,19900,주방가전,냉장고,https://cjhello-hirental.co.kr//cjhello-hirental.co.kr/web/product/big/202108/0af77409032711edaa1e9ba896f76c6c.jpg,1838,
헬로비전렌탈 코스텔 냉장고 281L 매트블랙 CRS-281HAMB 36개월 48개월 60개월 약정 등록비면제-헬로하이렌탈,36900,주방가전,냉장고,https://cjhello-hirental.co.kr//cjhello-hirental.co.kr/web/product/big/20200401/c279df2db8a59e942d9a00febf276112.jpg,1203,
LG헬로렌탈 코스텔 냉장고 281L 레드 CRS-281HARD 36개월 48개월 60개월 약정 등록비면제-헬로하이렌탈,36900,주방가전,냉장고,https://cjhello-hirental.co.kr//cjhello-hirental.co.kr/web/product/big/20200401/6317c13d8c9df53e5aa96c480243ef56.jpg,1200,
LG헬로비전렌탈 코스텔 냉장고 281L 아이보리 CRS-281HAIV 36개월 48개월 60개월 약정 등록비면제-헬로하이렌탈,36900,주방가전,냉장고,https://cjhello-hirental.co.kr//cjhello-hirental.co.kr/web/product/big/20200401/f9b8880a3a965d8646abbed27a8a34aa.jpg,1199,
LG헬로비전렌탈 코스텔 냉장고 107L 레드 CRS-107HARD 60개월 약정 등록비면제-헬로하이렌탈,19900,주방가전,냉장고,https://cjhello-hirental.co.kr//cjhello-hirental.co.kr/web/product/big/20200401/7a0becd509b23f3630a3ff305147e807.jpg,1196,
헬로렌탈 코스텔 냉장고 107L 아이보리 CRS-107HAIV 60개월 약정 등록비면제-헬로하이렌탈,19900,주방가전,냉장고,https://cjhello-hirental.co.kr//cjhello-hirental.co.kr/web/product/big/20200401/cd126905faaedfac9b4b53572d5e8dd2.jpg,1195,
싸이벡스 런닝머신 CVTH 의무사용기간 48개월 등록비면제-헬로하이렌탈,299000,엔터/뷰티/건강,런닝머신,https://cjhello-hirental.co.kr//cjhello-hirental.co.kr/web/product/big/20200311/457e7a9ca446500a8108998c06f49c63.jpg,1151,
LG헬로비전렌탈 이화 런닝머신 자이로X5 TRK15F 48개월 60개월 약정 등록비면제-헬로하이렌탈,31900,엔터/뷰티/건강,런닝머신,https://cjhello-hirental.co.kr//cjhello-hirental.co.kr/web/product/big/202103/08a244a31c8f221d9da1097be324feb0.jpg,1629,
휴핏 덤벨세트 MD600 마카롱 블랙 홈트레이닝 의무사용기간 48개월 무료배송 등록비면제-헬로하이렌탈,33900,엔터/뷰티/건강,런닝머신,https://cjhello-hirental.co.kr//cjhello-hirental.co.kr/web/product/big/202202/a1a49726cdc2dc8bdd3bf6508658aed3.jpg,1943,
휴핏 스페이스워커 Spacewalker 브라운 의무사용기간 48개월 무료배송 등록비면제-헬로하이렌탈,38900,엔터/뷰티/건강,런닝머신,https://cjhello-hirental.co.kr//cjhello-hirental.co.kr/web/product/big/202202/57c234ed275940a2229d5a69d4637109.jpg,1946,
아이러너 런닝머신,37900,엔터/뷰티/건강,런닝머신,https://cjhello-hirental.co.kr//cjhello-hirental.co.kr/web/product/big/202404/4707cc0adee82a757b549d286f32a7c6.jpg,1952,
툰투리런닝머신,40000,엔터/뷰티/건강,런닝머신,https://cjhello-hirental.co.kr//cjhello-hirental.co.kr/web/product/big/202401/bd3d2b2d0ee67d88064703924ed13f43.jpg,2010,
툰투리런닝머,58900,엔터/뷰티/건강,런닝머신,https://cjhello-hirental.co.kr//cjhello-hirental.co.kr/web/product/big/202310/94f7813537536b0ac66ecbe03438e26d.jpg,2078,
툰투리 런닝머신,120000,엔터/뷰티/건강,런닝머신,https://cjhello-hirental.co.kr//cjhello-hirental.co.kr/web/product/big/202310/f0ad19674760516002041c2d375e0fb4.jpg,2079,
고고런 런닝머신,36900,엔터/뷰티/건강,런닝머신,https://cjhello-hirental.co.kr//cjhello-hirental.co.kr/web/product/big/202310/ecd052571df8204d1284eb7b106112e3.jpg,2150,
고고런,30900,엔터/뷰티/건강,런닝머신,https://cjhello-hirental.co.kr//cjhello-hirental.co.kr/web/product/big/202411/693c2519814b02569fe61a5a12f3cd1b.jpg,2155,
아디다스 런닝머신,47900,엔터/뷰티/건강,런닝머신,https://cjhello-hirental.co.kr//cjhello-hirental.co.kr/web/product/big/202401/b4540a43cb669956fcba6d8e9033e329.jpg,2156,
오르고스텝밀,75900,엔터/뷰티/건강,런닝머신,https://cjhello-hirental.co.kr//cjhello-hirental.co.kr/web/product/big/202410/ab6a5eb366c4cf35322e65c9e2f391ec.jpg,2192,
"오르고 스텝밀 상업용 ORGO-X 블랙 24,36,48,60개월-헬로하이렌탈",93900,엔터/뷰티/건강,런닝머신,https://cjhello-hirental.co.kr//cjhello-hirental.co.kr/web/product/big/202410/0bcbae12e52831b3d44f5fc75043fe55.jpg,2197,
"오르고 스텝밀 가정용 천국의계단 ORGO-S 화이트 24,36,48,60개월-헬로하이렌탈",75900,엔터/뷰티/건강,런닝머신,https://cjhello-hirental.co.kr//cjhello-hirental.co.kr/web/product/big/202410/1710825008bba77b6e06740cd830596a.jpg,2198,
시어드코리아 마이마운틴,76900,엔터/뷰티/건강,런닝머신,https://cjhello-hirental.co.kr//cjhello-hirental.co.kr/web/product/big/202503/d4a81f4e1584a04dcd1f6e24444c8b93.jpg,2212,
무동력 트레드밀 슬래드러너,89900,엔터/뷰티/건강,런닝머신,https://cjhello-hirental.co.kr//cjhello-hirental.co.kr/web/product/big/202503/c0fa65df0e315da413ab2f3179c6cd89.jpg,2213,
LG헬로렌탈 춘천명가옥 소파 807(황토) 브라운 48개월 약정 등록비면제-헬로하이렌탈,77900,인테리어/가구,소파,https://cjhello-hirental.co.kr//cjhello-hirental.co.kr/web/product/big/202010/08748f334f2fe881ea704fb8d59c426a.jpg,1489,
LG헬로렌탈 춘천명가옥 소파 807(칠보석) 브라운 48개월 약정 등록비면제-헬로하이렌탈,73100,인테리어/가구,소파,https://cjhello-hirental.co.kr//cjhello-hirental.co.kr/web/product/big/202010/0962a4b8b1f2cb53a02a10b57e94af6b.jpg,1488,
LG헬로렌탈 춘천명가옥 소파 807(옥) 브라운 48개월 약정 등록비면제-헬로하이렌탈,77900,인테리어/가구,소파,https://cjhello-hirental.co.kr//cjhello-hirental.co.kr/web/product/big/202010/f8751c20bdf6e1666f07b820e18fd216.jpg,1487,
LG헬로비전렌탈 춘천명가옥 소파 6001(황토) 브라운 48개월 약정 등록비면제-헬로하이렌탈,63800,인테리어/가구,소파,https://cjhello-hirental.co.kr//cjhello-hirental.co.kr/web/product/big/202010/538756b996142727dec72dd4d5936c66.jpg,1486,
LG헬로렌탈 춘천명가옥 소파 6001(칠보석) 브라운 48개월 약정 등록비면제-헬로하이렌탈,61900,인테리어/가구,소파,https://cjhello-hirental.co.kr//cjhello-hirental.co.kr/web/product/big/202010/b6eeae42ceb982ddf38ebf533a784290.jpg,1485,
LG헬로렌탈 춘천명가옥 소파 6001(옥) 브라운 48개월 약정 등록비면제-헬로하이렌탈,63800,인테리어/가구,소파,https://cjhello-hirental.co.kr//cjhello-hirental.co.kr/web/product/big/202010/f6053a21ab4ee124be546ca582d4e568.jpg,1484,
LG헬로렌탈 춘천명가옥 카우치 티파니(칠보석) 브라운 48개월 약정 등록비면제-헬로하이렌탈,62900,인테리어/가구,소파,https://cjhello-hirental.co.kr//cjhello-hirental.co.kr/web/product/big/202007/e575ebc351324ff50a1669307189843f.jpg,1324,
LG헬로비전렌탈 춘천명가옥 카우치 티파니(황토) 브라운 48개월 약정 등록비면제-헬로하이렌탈,62900,인테리어/가구,소파,https://cjhello-hirental.co.kr//cjhello-hirental.co.kr/web/product/big/202007/4e886bb2a3f49909e70cf2cc789b20fb.jpg,1323,
LG헬로렌탈 춘천명가옥 카우치 티파니(옥) 브라운 48개월 약정 등록비면제-헬로하이렌탈,62900,인테리어/가구,소파,https://cjhello-hirental.co.kr//cjhello-hirental.co.kr/web/product/big/202007/85d16e2a7c6bcedd1ee54f95e1e7d377.jpg,1322,
헬로비전렌탈 LG 트롬 오브제스타일러 미스트 클레이브라운 S3ROF 36개월 48개월 60개월 약정 등록비면제-헬로하이렌탈,43900,생활가전,스타일러,https://cjhello-hirental.co.kr//cjhello-hirental.co.kr/web/product/big/202203/dfa6418a7f4f049dfe7afe233c098c94.jpg,1973,
헬로비전렌탈 LG 트롬 오브제스타일러 미스트 그린 S3GOF 36개월 48개월 60개월 약정 등록비면제-헬로하이렌탈,43900,생활가전,스타일러,https://cjhello-hirental.co.kr//cjhello-hirental.co.kr/web/product/big/202203/aa49f19ce0f3e768555e546e88a6ffc9.jpg,1971,
헬로비전렌탈 LG 트롬 오브제스타일러 미스트 베이지 S3BOF 36개월 48개월 60개월 약정 등록비면제-헬로하이렌탈,45900,생활가전,스타일러,https://cjhello-hirental.co.kr//cjhello-hirental.co.kr/web/product/big/202203/bee616316b45c8dfddd439e8005b51d9.jpg,1970,
헬로비전렌탈 삼성 에어드레서 의류관리기 코타 차콜 DF60A8500HG 36개월 48개월 60개월 약정 등록비면제-헬로하이렌탈,36900,생활가전,스타일러,https://cjhello-hirental.co.kr//cjhello-hirental.co.kr/web/product/big/202104/8eea9ddaecf2c8901b723b83d01a18b3.jpg,1706,
LG헬로비전렌탈 삼성 에어드레서 의류관리기 코타 화이트 DF60A8500TG 36개월 48개월 60개월 약정 등록비면제-헬로하이렌탈,36900,생활가전,스타일러,https://cjhello-hirental.co.kr//cjhello-hirental.co.kr/web/product/big/202104/dde8857cb1aaad02cd82980ac05bacac.jpg,1705,
헬로렌탈 삼성 에어드레서 의류관리기 글램 화이트 DF60A8500WG 36개월 48개월 60개월 약정 등록비면제-헬로하이렌탈,44900,생활가전,스타일러,https://cjhello-hirental.co.kr//cjhello-hirental.co.kr/web/product/big/202104/85e850f6c3bbd06145dda018fe64eb7c.jpg,1704,
헬로렌탈 삼성 에어드레서 의류관리기 새틴 스카이블루 DF60A8500UG 36개월 48개월 60개월 약정 등록비면제-헬로하이렌탈,44900,생활가전,스타일러,https://cjhello-hirental.co.kr//cjhello-hirental.co.kr/web/product/big/202104/75e90c9da1abf15e1ad9a6d3c80f2765.jpg,1703,
헬로비전렌탈 삼성 에어드레서 의류관리기 새틴 베이지 DF60A8500EG 36개월 48개월 60개월 약정 등록비면제-헬로하이렌탈,44900,생활가전,스타일러,https://cjhello-hirental.co.kr//cjhello-hirental.co.kr/web/product/big/202104/a6213a30d6605982702142e4c68f5dcf.jpg,1702,
LG헬로렌탈 삼성 에어드레서 의류관리기 글램 핑크 DF60A8500PG 36개월 48개월 60개월 약정 등록비면제-헬로하이렌탈,44900,생활가전,스타일러,https://cjhello-hirental.co.kr//cjhello-hirental.co.kr/web/product/big/202104/fbaae0f45c1f7cb0bc23b53844f6a3ad.jpg,1701,
LG헬로비전렌탈 삼성 에어드레서 의류관리기 크리스탈 미러 DF60A8500CG 36개월 48개월 60개월 약정 등록비면제-헬로하이렌탈,47500,생활가전,스타일러,https://cjhello-hirental.co.kr//cjhello-hirental.co.kr/web/product/big/202104/fb6efe2ae78b359e4e88195701a8c368.jpg,1700,
LG헬로렌탈 삼성 에어드레서 의류관리기 대용량 글램 네이비 DF10A9500VG 36개월 48개월 60개월 약정 등록비면제-헬로하이렌탈,49500,생활가전,스타일러,https://cjhello-hirental.co.kr//cjhello-hirental.co.kr/web/product/big/202104/91b79c55edb1f65a518b5f002e25648f.jpg,1699,
헬로렌탈 삼성 에어드레서 의류관리기 대용량 새틴 베이지 DF10A9500EG 36개월 48개월 60개월 약정 등록비면제-헬로하이렌탈,49900,생활가전,스타일러,https://cjhello-hirental.co.kr//cjhello-hirental.co.kr/web/product/big/202104/14c0a217bc23e05fdf9274a3dab5d6ce.jpg,1698,
헬로비전렌탈 삼성 에어드레서 의류관리기 대용량 크리스탈 미러 DF10A9500CG 36개월 48개월 60개월 약정 등록비면제-헬로하이렌탈,50900,생활가전,스타일러,https://cjhello-hirental.co.kr//cjhello-hirental.co.kr/web/product/big/202104/a8bb7beb4a92935d26f5b17141390094.jpg,1697,
헬로비전렌탈 LG 트롬 스타일러 블랙틴트미러 S3MFC 36개월 48개월 60개월 약정 등록비면제-헬로하이렌탈,44900,생활가전,스타일러,https://cjhello-hirental.co.kr//cjhello-hirental.co.kr/web/product/big/202008/1ce0a5a312bc4594c812b4cad9324636.jpg,1416,
헬로비전렌탈 LG 트롬 스타일러 린넨블랙 S5BBU 36개월 48개월 60개월 약정 등록비면제-헬로하이렌탈,48900,생활가전,스타일러,https://cjhello-hirental.co.kr//cjhello-hirental.co.kr/web/product/big/20200107/58060c45e7857eea6097797a98dcaeb9.jpg,1415,
LG헬로렌탈 LG 트롬 스타일러 린넨블랙 슬림 S3BF 36개월 48개월 60개월 약정 등록비면제-헬로하이렌탈,42900,생활가전,스타일러,https://cjhello-hirental.co.kr//cjhello-hirental.co.kr/web/product/big/20200107/4f7d189b53608bcac2ff536f43d8799e.jpg,1413,
LG 스윙 모니터,30900,디지털,TV,https://cjhello-hirental.co.kr//cjhello-hirental.co.kr/web/product/big/202505/513da8ec7ad12bee69f011d669774857.jpg,2220,
LG 스탠바이미2,37900,디지털,TV,https://cjhello-hirental.co.kr//cjhello-hirental.co.kr/web/product/big/202505/fc605862df0478db2dc3cd1045834104.jpg,2219,
삼성65인치TV,29900,디지털,TV,https://cjhello-hirental.co.kr//cjhello-hirental.co.kr/web/product/big/202312/4f50b8e82f11c6ccdd6dd7c710859168.jpg,2126,
대우스마트TV,14900,디지털,TV,https://cjhello-hirental.co.kr//cjhello-hirental.co.kr/web/product/big/202311/c5e4aece7b921a55a6c0506e09f8040e.jpg,2119,
"LG헬로렌탈 LG 50인치 TV 4K UHD  50UT8350KNA 36,48,60개월 의무약정-헬로하이렌탈",17900,디지털,TV,https://cjhello-hirental.co.kr//cjhello-hirental.co.kr/web/product/big/202311/27bd9221ab878d7af4b1b8f56e2ae1df.jpg,2101,
LG헬로렌탈  4K UHD TV 86인치 86UR931C0NA-헬로하이렌탈,77900,디지털,TV,https://cjhello-hirental.co.kr//cjhello-hirental.co.kr/web/product/big/202306/cb6b5380846c16aea63891da5c2078b0.jpg,2090,
LG 75인치TV,44900,디지털,TV,https://cjhello-hirental.co.kr//cjhello-hirental.co.kr/web/product/big/202302/f49312d883ff9cfd57ad5c1b7f0252c9.jpg,2089,
LG헬로렌탈 LG UHD TV 65인치 65UR931C0NA-헬로하이렌탈,32500,디지털,TV,https://cjhello-hirental.co.kr//cjhello-hirental.co.kr/web/product/big/202301/1c4d95e3f4aa4d4fdb39e65faa92ce58.jpg,2088,
LG헬로렌탈 LG 4K UHD TV 55인치 55UR931C0NA-헬로하이렌탈,27900,디지털,TV,https://cjhello-hirental.co.kr//cjhello-hirental.co.kr/web/product/big/202301/110cecfe14fa29f2d6e157969c101679.jpg,2087,
"LG헬로렌탈 더함 구글OS QLED TV 85인치 G854Q 36,48,60개월 약정 등록비면제-헬로하이렌탈",75200,디지털,TV,https://cjhello-hirental.co.kr//cjhello-hirental.co.kr/web/product/big/202308/472922ad35ba2d9f7bedf9ca8f8c4db2.jpg,2041,
"LG헬로렌탈 더함 구글OS QLED TV 75인치 G754Q 36,48,60개월 약정 등록비면제-헬로하이렌탈",40700,디지털,TV,https://cjhello-hirental.co.kr//cjhello-hirental.co.kr/web/product/big/202308/ae6bf3cc02e26a6371f8148d5054251d.jpg,2040,
"LG헬로렌탈 더함 구글OS QLED TV 65인치 G654Q 36,48,60개월 약정 등록비면제-헬로하이렌탈",28400,디지털,TV,https://cjhello-hirental.co.kr//cjhello-hirental.co.kr/web/product/big/202308/8c9f2e8b74e4fce41949a25ef6a02e9c.jpg,2039,
"LG헬로렌탈 더함 구글OS QLED TV 55인치 G554Q 36,48,60개월 약정 등록비면제-헬로하이렌탈",20900,디지털,TV,https://cjhello-hirental.co.kr//cjhello-hirental.co.kr/web/product/big/202308/cf4c6e06f71db9a483b8b6976fa5e0cd.jpg,2038,
"LG헬로렌탈 더함 구글OS QLED TV 50인치 G504Q 36,48,60개월 약정 등록비면제-헬로하이렌탈",18900,디지털,TV,https://cjhello-hirental.co.kr//cjhello-hirental.co.kr/web/product/big/202308/771bfa9e8060bcece3ad454cef03685e.jpg,2037,
"LG헬로렌탈 더함 구글OS QLED TV 43인치 G434Q 36,48,60개월 약정 등록비면제-헬로하이렌탈",15900,디지털,TV,https://cjhello-hirental.co.kr//cjhello-hirental.co.kr/web/product/big/202308/8cad7889337d11736028bbe880ca3aa2.jpg,2036,
"LG헬로렌탈 더함 구글OS UHD TV 43인치 G434U 36,48,60개월 약정 등록비면제-헬로하이렌탈",13900,디지털,TV,https://cjhello-hirental.co.kr//cjhello-hirental.co.kr/web/product/big/202308/c86d7cd5ab3188d8e073a426f304e42f.jpg,2035,
"LG헬로렌탈 더함 구글OS UHD TV 50인치 G504U 36,48,60개월 약정 등록비면제-헬로하이렌탈",15400,디지털,TV,https://cjhello-hirental.co.kr//cjhello-hirental.co.kr/web/product/big/202308/2a4d439e0839b416dacbe62426e55050.jpg,2034,
"LG헬로렌탈 더함 구글OS UHD TV 55인치 G554U 36,48,60개월 약정 등록비면제-헬로하이렌탈",17300,디지털,TV,https://cjhello-hirental.co.kr//cjhello-hirental.co.kr/web/product/big/202308/6425464a46f49e420568ae9bbb51429f.jpg,2033,
"LG헬로렌탈 더함 구글OS UHD TV 85인치 G854U 36,48,60개월 약정 등록비면제-헬로하이렌탈",62800,디지털,TV,https://cjhello-hirental.co.kr//cjhello-hirental.co.kr/web/product/big/202308/ede377190bf1629669eb64188378f6ab.jpg,2032,
더함TV75인치G754U,34900,디지털,TV,https://cjhello-hirental.co.kr//cjhello-hirental.co.kr/web/product/big/202308/9b78d54a269a56bf348a3679ebf2d551.jpg,2031,
"LG헬로렌탈 더함 구글OS UHD TV 65인치 G654U 36,48,60개월 약정 등록비면제-헬로하이렌탈",23800,디지털,TV,https://cjhello-hirental.co.kr//cjhello-hirental.co.kr/web/product/big/202308/e6526ca10d2c9f86c7a2c0a34f5337fd.jpg,2030,
LGTV OLED65A2KNA,82900,디지털,TV,https://cjhello-hirental.co.kr//cjhello-hirental.co.kr/web/product/big/202308/436e73f1d056e7808760e235b33463cc.jpg,2029,
LG전자 올레드 4K 55인치 TV OLED55A2K-헬로하이렌탈,55900,디지털,TV,https://cjhello-hirental.co.kr//cjhello-hirental.co.kr/web/product/big/202308/436e73f1d056e7808760e235b33463cc.jpg,2028,
아남 TV,14600,디지털,TV,https://cjhello-hirental.co.kr//cjhello-hirental.co.kr/web/product/big/202504/948f6de193aebb9320c81b384fc06a50.jpg,2025,
LG헬로렌탈 대우써머스 FHD TV 24인치 LHDK2402FB 24개월 약정 등록비면제-헬로하이렌탈,10900,디지털,TV,https://cjhello-hirental.co.kr//cjhello-hirental.co.kr/web/product/big/202308/8917c527cf0b39604ec3e61aa7aa54ce.jpg,2024,
LG헬로렌탈 대우써머스 FHD TV 32인치 LHDK3201HG 24개월 36개월 약정 등록비면제-헬로하이렌탈,8800,디지털,TV,https://cjhello-hirental.co.kr//cjhello-hirental.co.kr/web/product/big/202308/8917c527cf0b39604ec3e61aa7aa54ce.jpg,2023,
LG헬로렌탈 대우써머스 FHD TV 40인치 LHDK4001FG-헬로하이렌탈,7900,디지털,TV,https://cjhello-hirental.co.kr//cjhello-hirental.co.kr/web/product/big/202308/8917c527cf0b39604ec3e61aa7aa54ce.jpg,2022,
LG헬로렌탈 대우써머스 FHD 43인치 LHDK4302FB 36개월 48개월 60개월 약정 등록비면제-헬로하이렌탈,10900,디지털,TV,https://cjhello-hirental.co.kr//cjhello-hirental.co.kr/web/product/big/202308/8917c527cf0b39604ec3e61aa7aa54ce.jpg,2021,
삼성 2023 85인치 QLED 4K QC60 TV KQ85QC60AFXKR 36개월 48개월 60개월 약정 등록비면제-헬로하이렌탈,75900,디지털,TV,https://cjhello-hirental.co.kr//cjhello-hirental.co.kr/web/product/big/202307/b94a053c87f7c7d4195e2bd5b5ac4ceb.jpg,2016,
"LG헬로렌탈 더함 구글OS UHD TV 70인치 G704U 36,48,60개월 약정 등록비면제-헬로하이렌탈",29700,디지털,TV,https://cjhello-hirental.co.kr//cjhello-hirental.co.kr/web/product/big/202305/8f730ce172860ab6522a75d576f681b3.jpg,1998,
LG헬로비전렌탈 삼성 UHD TV 65인치 The Serif KQ65LSB01AFXKR 36개월 48개월 60개월 약정 등록비면제-헬로하이렌탈,79900,디지털,TV,https://cjhello-hirental.co.kr//cjhello-hirental.co.kr/web/product/big/202302/21af3e4a19d70880ad80321de199cfa5.jpg,1989,
LG헬로비전렌탈 LG 4K UHD TV 75인치 75UQ931C0NA 36개월 48개월 60개월 약정 등록비면제-헬로하이렌탈,48900,디지털,TV,https://cjhello-hirental.co.kr//cjhello-hirental.co.kr/web/product/big/202302/f49312d883ff9cfd57ad5c1b7f0252c9.jpg,1988,
LG 4K UHD TV 86인치 86UQ931C0NA-헬로하이렌탈,81900,디지털,TV,https://cjhello-hirental.co.kr//cjhello-hirental.co.kr/web/product/big/202306/cb6b5380846c16aea63891da5c2078b0.jpg,1964,
LG 4K UHD TV 70인치 70UP831C0NA-헬로하이렌탈,41900,디지털,TV,https://cjhello-hirental.co.kr//cjhello-hirental.co.kr/web/product/big/202112/413b50ed743b7a7373756d8381ed2a63.jpg,1916,
LG헬로렌탈 루컴즈 UHD TV 50인치 T5002CUA 36개월 약정 등록비면제-헬로하이렌탈,21900,디지털,TV,https://cjhello-hirental.co.kr//cjhello-hirental.co.kr/web/product/big/202110/9489af1ac627571b70aa0b69fd135e24.jpg,1863,
LG헬로렌탈 아남 UHD TV 스마트 75인치 AMG-7500BS 36개월 약정 등록비면제-헬로하이렌탈,35900,디지털,TV,https://cjhello-hirental.co.kr//cjhello-hirental.co.kr/web/product/big/202108/27bc46b5d656404743409331c456a29c.jpg,1858,
LG헬로렌탈 아남 UHD TV 스마트 65인치 AMG-6500BS 36개월 약정 등록비면제-헬로하이렌탈,23900,디지털,TV,https://cjhello-hirental.co.kr//cjhello-hirental.co.kr/web/product/big/202108/eea8b25ecd2b214fa1ee7a4667db6d9d.jpg,1857,
LG헬로렌탈 아남 UHD TV 75인치 UDL750CT 36개월 약정 등록비면제-헬로하이렌탈,31900,디지털,TV,https://cjhello-hirental.co.kr//cjhello-hirental.co.kr/web/product/big/202108/541a27124a47bd96a966ea8f8443b47e.jpg,1856,
LG헬로렌탈 아남 UHD TV 65인치 AN655UJ 36개월 약정 등록비면제-헬로하이렌탈,22900,디지털,TV,https://cjhello-hirental.co.kr//cjhello-hirental.co.kr/web/product/big/202108/9206a9fd45bc89c807c77b83efcba608.jpg,1855,
LG헬로렌탈 아남 UHD TV 55인치 AN555UJ 36개월 약정 등록비면제-헬로하이렌탈,16900,디지털,TV,https://cjhello-hirental.co.kr//cjhello-hirental.co.kr/web/product/big/202108/541a27124a47bd96a966ea8f8443b47e.jpg,1854,
LG헬로렌탈 아남 UHD TV 50인치 AN505UJ 36개월 약정 등록비면제-헬로하이렌탈,14000,디지털,TV,https://cjhello-hirental.co.kr//cjhello-hirental.co.kr/web/product/big/202108/541a27124a47bd96a966ea8f8443b47e.jpg,1853,
LG헬로렌탈 아남 LED HD TV 42인치 AN425FJ 36개월 약정 등록비면제-헬로하이렌탈,12900,디지털,TV,https://cjhello-hirental.co.kr//cjhello-hirental.co.kr/web/product/big/202108/ce7903922f972d292dfe3980420bb543.jpg,1852,
LG헬로렌탈 아남 LED HD TV 32인치 HDL320QT 36개월 약정 등록비면제-헬로하이렌탈,10900,디지털,TV,https://cjhello-hirental.co.kr//cjhello-hirental.co.kr/web/product/big/202108/ce7903922f972d292dfe3980420bb543.jpg,1851,
헬로비전렌탈 삼성 QLED TV 55인치 KQ55QA65AFXKR 36개월 48개월 60개월 약정 등록비면제-헬로하이렌탈,44900,디지털,TV,https://cjhello-hirental.co.kr//cjhello-hirental.co.kr/web/product/big/202104/ba88a5279f2fa5110872b4eda0a32fe3.jpg,1651,
LG헬로비전렌탈 삼성 QLED TV 50인치 KQ50QA65AFXKR 36개월 48개월 60개월 약정 등록비면제-헬로하이렌탈,33500,디지털,TV,https://cjhello-hirental.co.kr//cjhello-hirental.co.kr/web/product/big/202104/d8e69f739d252359aa93a4110227a7b3.jpg,1650,
LG헬로비전렌탈 삼성 QLED TV 43인치 KQ43QA65AFXKR 36개월 48개월 60개월 약정 등록비면제-헬로하이렌탈,27000,디지털,TV,https://cjhello-hirental.co.kr//cjhello-hirental.co.kr/web/product/big/202104/53b8a4933ef30490b82babf68bb5cde8.jpg,1649,
LG헬로렌탈 삼성 UHD TV 85인치 KU85UA7050FXKR 36개월 48개월 60개월 약정 등록비면제-헬로하이렌탈,98900,디지털,TV,https://cjhello-hirental.co.kr//cjhello-hirental.co.kr/web/product/big/202104/b4f295b1f920b8a737c268c37ebb8e0b.jpg,1648,
LG헬로비전렌탈 삼성 UHD TV 75인치 KU75UA7050FXKR 36개월 48개월 60개월 약정 등록비면제-헬로하이렌탈,50900,디지털,TV,https://cjhello-hirental.co.kr//cjhello-hirental.co.kr/web/product/big/202104/c3de800201c28ad18e1a1a9d5738400b.jpg,1647,
헬로비전렌탈 삼성 UHD TV 55인치 KU55UA7050FXKR 36개월 48개월 60개월 약정 등록비면제-헬로하이렌탈,27900,디지털,TV,https://cjhello-hirental.co.kr//cjhello-hirental.co.kr/web/product/big/202104/b7f1abb65a759cf24b4d07507e635e2d.jpg,1645,
LG헬로비전렌탈 루컴즈 UHD TV 86인치 T8601TU 36개월 48개월 60개월 약정 등록비면제-헬로하이렌탈,78900,디지털,TV,https://cjhello-hirental.co.kr//cjhello-hirental.co.kr/web/product/big/202103/9de0bba9e39e9966af04def4ed88a8fd.jpg,1638,
LG헬로렌탈 루컴즈 UHD TV 55인치 T5502TUA 36개월 약정 등록비면제-헬로하이렌탈,25900,디지털,TV,https://cjhello-hirental.co.kr//cjhello-hirental.co.kr/web/product/big/202103/7ba1866f86739e663e7daff3497de236.jpg,1636,
LG헬로렌탈 LG 4K UHD TV 75인치 75UP831C0NA-헬로하이렌탈,52400,디지털,TV,https://cjhello-hirental.co.kr//cjhello-hirental.co.kr/web/product/big/202008/79b02056918ca5b0c349cb29ffe170a9.jpg,1366,
LG헬로렌탈 삼성 The Sero TV QLED 43인치 KQ43LSB05AFXKR 36개월 48개월 60개월 약정 등록비면제-헬로하이렌탈,45900,디지털,TV,https://cjhello-hirental.co.kr//cjhello-hirental.co.kr/web/product/big/202309/711077e6483038bf477ddeb9d60f5c61.jpg,1230,
LG헬로렌탈 삼성 FHD TV 43인치 UN43N5020AFXKR(A) 36/48/60개월 의무 등록비면제-헬로하이렌탈,11900,디지털,TV,https://cjhello-hirental.co.kr//cjhello-hirental.co.kr/web/product/big/20200623/97c05d584eebbd17260d8738ed25de28.jpg,411,
LG헬로렌탈 삼성 HD TV 32인치 UN32N4020AFXKR-헬로하이렌탈,9900,디지털,TV,https://cjhello-hirental.co.kr//cjhello-hirental.co.kr/web/product/big/20200623/f78b90ac1bb6a50363ac8ca62fca733e.jpg,671,
LG헬로렌탈 LG HD TV 32인치 32LM581CBND-헬로하이렌탈,9900,디지털,TV,https://cjhello-hirental.co.kr//cjhello-hirental.co.kr/web/product/big/202009/d6b82e0bd96a7f71485e99f90dac4f87.jpg,161,
LG헬로렌탈 삼성 무선청소기 비스포크 제트 220W VS20B957G5E 산토리니 베이지 36개월 48개월 60개월 약정 등록비면제-헬로하이렌탈,38900,생활가전,청소기,https://cjhello-hirental.co.kr//cjhello-hirental.co.kr/web/product/big/202203/c8fa481907883d3aa1c3a6805676a0e5.jpg,1955,
LG헬로렌탈 삼성 무선청소기 비스포크 슬림 150W VS15A680AFW 미스티화이트 36개월 48개월 60개월 약정 등록비면제-헬로하이렌탈,13900,생활가전,청소기,https://cjhello-hirental.co.kr//cjhello-hirental.co.kr/web/product/big/202203/ebcab1bfbbb55208082d827aa3b93b2e.jpg,1954,
삼성그랑데 통버블 세탁기,17900,생활가전,세탁기,https://cjhello-hirental.co.kr//cjhello-hirental.co.kr/web/product/big/202311/275c6b335f8d3ec51b2e0b7c54168afb.jpg,2113,
삼성그랑데통버블세탁기,14900,생활가전,세탁기,https://cjhello-hirental.co.kr//cjhello-hirental.co.kr/web/product/big/202311/54d76c6f7f357d81505ca2328c99aaa8.jpg,2112,
삼성 그랑데 통버블세탁기,14900,생활가전,세탁기,https://cjhello-hirental.co.kr//cjhello-hirental.co.kr/web/product/big/202311/54d76c6f7f357d81505ca2328c99aaa8.jpg,2111,
삼성통돌이세탁기,22900,생활가전,세탁기,https://cjhello-hirental.co.kr//cjhello-hirental.co.kr/web/product/big/202311/667777092bce6bd8e51c4a36d5ce38ac.jpg,2110,
삼성통돌이세탁기,22900,생활가전,세탁기,https://cjhello-hirental.co.kr//cjhello-hirental.co.kr/web/product/big/202311/02920b10de1c210391287f61a89e78b1.jpg,2108,
삼성통돌이세탁기,30900,생활가전,세탁기,https://cjhello-hirental.co.kr//cjhello-hirental.co.kr/web/product/big/202104/d4fab2eaaa1bd608b3b10ee59179459e.jpg,2107,
삼성통돌이세탁기,21900,생활가전,세탁기,https://cjhello-hirental.co.kr//cjhello-hirental.co.kr/web/product/big/202311/59d385bc1435c26be1a17e3062fb5d3d.jpg,2106,
삼성통돌이세탁기,22900,생활가전,세탁기,https://cjhello-hirental.co.kr//cjhello-hirental.co.kr/web/product/big/202311/cfebf2ba52462140de746e90f4f8e839.jpg,2105,
LG 통돌이 23kg 세탁기,36900,생활가전,세탁기,https://cjhello-hirental.co.kr//cjhello-hirental.co.kr/web/product/big/202311/c20a1a4e0c3628d048a8d9dfbc3c6972.jpg,2104,
LG 통돌이 세탁기 19kg T19MX7-헬로하이렌탈,22900,생활가전,세탁기,https://cjhello-hirental.co.kr//cjhello-hirental.co.kr/web/product/big/202308/8d73c6df39ac60f3080725b55f21165d.jpg,2062,
LG통돌이세탁기,23900,생활가전,세탁기,https://cjhello-hirental.co.kr//cjhello-hirental.co.kr/web/product/big/202311/f2efd68e9002c70e1ac9e23bee35caa1.jpg,2061,
LG통돌이세탁기,21900,생활가전,세탁기,https://cjhello-hirental.co.kr//cjhello-hirental.co.kr/web/product/big/202311/0f22a8ec004d637c3cb2f98208992eb2.jpg,2060,
LG통돌이세탁기,19900,생활가전,세탁기,https://cjhello-hirental.co.kr//cjhello-hirental.co.kr/web/product/big/202308/fa270cbf5f001fc2f2ee75e726d3e50e.jpg,2057,
LG통돌이세탁기,16900,생활가전,세탁기,https://cjhello-hirental.co.kr//cjhello-hirental.co.kr/web/product/big/202308/c55841afcca74645703b2bf0f11923c3.jpg,2056,
LG 통돌이 세탁기 19kg T19DX7-헬로하이렌탈,21900,생활가전,세탁기,https://cjhello-hirental.co.kr//cjhello-hirental.co.kr/web/product/big/202311/6531d76e6a93645227d7a4cb31d01311.jpg,1991,
LG헬로비전렌탈 미디어 트윈타워2 세탁기 12kg + 건조기 10kg TWIN-TOWER2 36개월 48개월 60개월 약정 등록비면제-헬로하이렌탈,40900,생활가전,세탁기,https://cjhello-hirental.co.kr//cjhello-hirental.co.kr/web/product/big/202206/2b3acfd47ad1aeeb7576db0bc08a9353.jpg,1974,
위니아 세탁기렌탈 통돌이 21kg WWF21HEG 36개월 48개월 60개월 의무 등록비면제 본사배송-헬로하이렌탈,19900,생활가전,세탁기,https://cjhello-hirental.co.kr//cjhello-hirental.co.kr/web/product/big/202203/352695b78f34c49de18a73e1da2772e2.jpg,1958,
위니아 딤채 세탁기렌탈 통돌이 18kg WWF18HEG 36개월 48개월 60개월 의무 등록비면제 본사배송-헬로하이렌탈,19500,생활가전,세탁기,https://cjhello-hirental.co.kr//cjhello-hirental.co.kr/web/product/big/202203/c46b61e77b6a31754a3a33a28934c25b.jpg,1957,
LG헬로비전렌탈 루컴즈 통돌이 세탁기 18kg 메탈블랙 W180W01-S 36개월 48개월 60개월 약정 등록비면제-헬로하이렌탈,25900,생활가전,세탁기,https://cjhello-hirental.co.kr//cjhello-hirental.co.kr/web/product/big/202202/aac300f50a2e9bee75936fb672c4a5b6.jpg,1948,
LG헬로렌탈 삼성 통돌이 세탁기 16kg WA16A6374BV 36개월 약정 등록비면제-헬로하이렌탈,22900,생활가전,세탁기,https://cjhello-hirental.co.kr//cjhello-hirental.co.kr/web/product/big/202201/cb699874c324491554d67afde134de89.jpg,1917,
LG헬로렌탈 위니아 세탁기 드럼 12kg WWD12GES 36개월 48개월 60개월 등록비면제 본사설치-헬로하이렌탈,20900,생활가전,세탁기,https://cjhello-hirental.co.kr//cjhello-hirental.co.kr/web/product/big/202112/b5c81072c6d437031f7162ad1fc461dc.jpg,1903,
LG헬로렌탈 LG 세탁기 트롬 드럼 15kg F15WQWP-헬로하이렌탈,24900,생활가전,세탁기,https://cjhello-hirental.co.kr//cjhello-hirental.co.kr/web/product/big/202108/058a5277d9bae520fc8943c608e8fcf7.jpg,1839,
LG헬로렌탈 LG 트롬 세탁기 17kg + 건조기 16kg F17VDAP(16PKG)-헬로하이렌탈,69900,생활가전,세탁기,https://cjhello-hirental.co.kr//cjhello-hirental.co.kr/web/product/big/202106/efb58bb270e2587f9adac812c884d821.jpg,1830,
LG헬로렌탈 LG 트롬 드럼세탁기 21kg F21WDU-헬로하이렌탈,34900,생활가전,세탁기,https://cjhello-hirental.co.kr//cjhello-hirental.co.kr/web/product/big/202106/5c9a22e0ab7816e9ae5fde35604bb99b.jpg,1829,
LG헬로렌탈 위닉스 텀블 드럼세탁기 23kg 새틴 화이트 TMWE230-KVK 36개월 48개월 60개월 약정 등록비면제-헬로하이렌탈,28900,생활가전,세탁기,https://cjhello-hirental.co.kr//cjhello-hirental.co.kr/web/product/big/202310/0dea9789ad6a8b296ffaa5acaace90ff.jpg,1730,
LG헬로렌탈 루컴즈 통돌이 세탁기 16kg W160M01-S 36개월 약정 등록비 면제-헬로하이렌탈,22900,생활가전,세탁기,https://cjhello-hirental.co.kr//cjhello-hirental.co.kr/web/product/big/202105/22cca047a40962f0676333b351678c5c.jpg,1729,
LG헬로렌탈 삼성 통돌이 세탁기 21kg WA21A8376KV 36개월 48개월 60개월 약정 등록비면제-헬로하이렌탈,23900,생활가전,세탁기,https://cjhello-hirental.co.kr//cjhello-hirental.co.kr/web/product/big/202104/d4fab2eaaa1bd608b3b10ee59179459e.jpg,1658,
LG헬로비전렌탈 미디어 트윈타워 세탁기 12kg + 건조기 10kg TWIN-TOWER 36개월 48개월 60개월 약정 등록비면제-헬로하이렌탈,36900,생활가전,세탁기,https://cjhello-hirental.co.kr//cjhello-hirental.co.kr/web/product/big/202103/42f1d91be57497e3221131356d7089d7.jpg,1635,
루컴즈 통돌이 세탁기 12kg W120W01-SA 36개월 약정-헬로하이렌탈,19900,생활가전,세탁기,https://cjhello-hirental.co.kr//cjhello-hirental.co.kr/web/product/big/202103/1e88887381be7a719a52c26d3c167b1a.jpg,1627,
LG헬로비전렌탈 LG 통돌이 세탁기 18kg 미들블랙 T18MT 36개월 48개월 60개월 약정 등록비면제-헬로하이렌탈,25900,생활가전,세탁기,https://cjhello-hirental.co.kr//cjhello-hirental.co.kr/web/product/big/202101/aa0331bc0a0467ed871b7797f30f3355.jpg,1582,
LG헬로렌탈 LG 통돌이 세탁기 16kg 블랙 TR16MK-헬로하이렌탈,16900,생활가전,세탁기,https://cjhello-hirental.co.kr//cjhello-hirental.co.kr/web/product/big/202101/f81e92bf286bf7af5f48ccf3dff24193.jpg,1581,
삼성 세탁기,64900,생활가전,세탁기,https://cjhello-hirental.co.kr//cjhello-hirental.co.kr/web/product/big/202012/c5baa7c4f6fd8bc59fce663ca45054a7.jpg,1562,
LG헬로렌탈 삼성 그랑데 AI 드럼 세탁기 10kg 그레이지 WW10TP34DSG 36개월 48개월 60개월 약정 등록비면제-헬로하이렌탈,35900,생활가전,세탁기,https://cjhello-hirental.co.kr//cjhello-hirental.co.kr/web/product/big/202010/2faa97a2404b19fd70101c9791b84924.jpg,1452,
LG헬로렌탈 삼성 그랑데 AI 드럼 세탁기 24kg 블랙케비어 WF24T9500KV 36개월 48개월 60개월 약정 등록비면제-헬로하이렌탈,51600,생활가전,세탁기,https://cjhello-hirental.co.kr//cjhello-hirental.co.kr/web/product/big/202010/72cfd920c8b2d683c1b312bc09c45f12.jpg,1451,
LG헬로비전렌탈 삼성 워블 통돌이 세탁기 13kg WA13T5262BW 36개월 약정 등록비면제 통돌이세탁기렌탈-헬로하이렌탈,19200,생활가전,세탁기,https://cjhello-hirental.co.kr//cjhello-hirental.co.kr/web/product/big/202009/53fed15f2c07f49c9180598f84cf76f3.jpg,1428,
LG헬로비전렌탈 삼성 워블 통돌이 세탁기 10kg WA10T5262BW 36개월 약정 등록비면제 통돌이세탁기렌탈-헬로하이렌탈,16600,생활가전,세탁기,https://cjhello-hirental.co.kr//cjhello-hirental.co.kr/web/product/big/202009/e524b767ba5aace38dd05ba8b44b30d7.jpg,1427,
LG헬로비전렌탈 미디어 18kg 통돌이 세탁기 메가워시 MW-D18B 36개월 약정 등록비면제-헬로하이렌탈,22900,생활가전,세탁기,https://cjhello-hirental.co.kr//cjhello-hirental.co.kr/web/product/big/202008/0d0f039dc3bdde8f75fe786ebaf20744.jpg,1379,
"LG헬로렌탈 삼성 드럼 세탁기 8kg 화이트 WD80R3320KW 36,48,60개월 약정 등록비면제-헬로하이렌탈",20900,생활가전,세탁기,https://cjhello-hirental.co.kr//cjhello-hirental.co.kr/web/product/big/20200603/c6e4a25ca11a25ef4365d4b88e0c81b2.jpg,1311,
LG헬로렌탈 삼성 그랑데 드럼 세탁기 19kg 이녹스 WF19T6000KP 36개월 48개월 60개월 약정 등록비면제-헬로하이렌탈,37000,생활가전,세탁기,https://cjhello-hirental.co.kr//cjhello-hirental.co.kr/web/product/big/20200506/a78fc41619d5f6f58419019824242a9f.jpg,1289,
LG헬로비전렌탈 삼성 세탁기 드럼 그랑데 이녹스 21kg WF21T6000KP 36개월 48개월 60개월 약정 등록비면제-헬로하이렌탈,38500,생활가전,세탁기,https://cjhello-hirental.co.kr//cjhello-hirental.co.kr/web/product/big/20200414/2278818c9fab5765bcc71c4adf320270.jpg,1252,
LG헬로렌탈 LG 세탁기 통돌이 15kg TR15MK 빠른접수설치-헬로하이렌탈,24400,생활가전,세탁기,https://cjhello-hirental.co.kr//cjhello-hirental.co.kr/web/product/big/20200629/d72f0bd6dff455b72baa418154944aaf.jpg,1116,
LG헬로렌탈 LG 세탁기 통돌이 14kg TR14BK1 빠른접수설치-헬로하이렌탈,24900,생활가전,세탁기,https://cjhello-hirental.co.kr//cjhello-hirental.co.kr/web/product/big/20200205/8a674f5e101275dc96f2e2a4028a63cb.jpg,1115,
"LG헬로렌탈 삼성 드럼 세탁기 9kg WW90T3000KW 36,48,60개월 약정 등록비면제 본사배송-헬로하이렌탈",15900,생활가전,세탁기,https://cjhello-hirental.co.kr//cjhello-hirental.co.kr/web/product/big/202311/9582f656ece6a35e8926a8a480932460.jpg,446,
LG헬로렌탈 LG 통돌이 세탁기 16kg T16DU-헬로하이렌탈,24700,생활가전,세탁기,https://cjhello-hirental.co.kr//cjhello-hirental.co.kr/web/product/big/20200106/16b08989f76c09b0e20b23ff68433ff8.jpg,1079,
LG헬로렌탈 LG 통돌이세탁기 12kg TR12WL-헬로하이렌탈,15900,생활가전,세탁기,https://cjhello-hirental.co.kr//cjhello-hirental.co.kr/web/product/big/20200625/d13ed08d6384d007fdecac5fe93d9063.jpg,137,
LG퓨리케어 정수기,33900,주방가전,정수기,https://cjhello-hirental.co.kr//cjhello-hirental.co.kr/web/product/big/202501/e92c0dceda9fdd63b47aeaf721507760.jpg,2209,
LG 퓨리케어 듀얼 냉정수기,36900,주방가전,정수기,https://cjhello-hirental.co.kr//cjhello-hirental.co.kr/web/product/big/202501/2e0c4ab1bcff71b1a983913115b81abb.jpg,2208,
LG헬로비전렌탈 삼성 비스포크 냉정수기 메인파우셋+서브파우셋 로즈골드 RWP71210AARA 36개월 48개월 60개월 의무사용 등록비면제-헬로하이렌탈,25400,주방가전,정수기,https://cjhello-hirental.co.kr//cjhello-hirental.co.kr/web/product/big/202105/822da46458114d7c6f635e3599892579.jpg,1787,
LG헬로비전렌탈 삼성 비스포크 냉정수기 메인파우셋+서브파우셋 화이트 RWP71210AAWA 36개월 48개월 60개월 의무사용 등록비면제-헬로하이렌탈,25400,주방가전,정수기,https://cjhello-hirental.co.kr//cjhello-hirental.co.kr/web/product/big/202105/76e6b8894b05f9bc799ca8d1fb10e751.jpg,1786,
LG헬로비전렌탈 삼성 비스포크 냉정수기 메인파우셋+서브파우셋 블랙 RWP71210AABA 36개월 48개월 60개월 의무사용 등록비면제-헬로하이렌탈,25400,주방가전,정수기,https://cjhello-hirental.co.kr//cjhello-hirental.co.kr/web/product/big/202105/0d86b75b92a7f8012cf686e77b52e647.jpg,1785,
LG헬로비전렌탈 삼성 비스포크 정수기 메인파우셋 로즈골드 RWP71110AARM 36개월 48개월 60개월 의무사용 등록비면제-헬로하이렌탈,16400,주방가전,정수기,https://cjhello-hirental.co.kr//cjhello-hirental.co.kr/web/product/big/202105/fd0e64c4298df57080a504d05bc95b7e.jpg,1767,
LG헬로비전렌탈 삼성 비스포크 정수기 메인파우셋 화이트 RWP71110AAWM 36개월 48개월 60개월 의무사용 등록비면제-헬로하이렌탈,16400,주방가전,정수기,https://cjhello-hirental.co.kr//cjhello-hirental.co.kr/web/product/big/202105/02a178cd1c94d6898bad4ec7f2f5061d.jpg,1766,
LG헬로비전렌탈 삼성 비스포크 정수기 메인파우셋 블랙 RWP71110AABM 36개월 48개월 60개월 의무사용 등록비면제-헬로하이렌탈,16400,주방가전,정수기,https://cjhello-hirental.co.kr//cjhello-hirental.co.kr/web/product/big/202105/3794f0a57e06cc5b1a1d281c29c7a84d.jpg,1765,
LG헬로비전렌탈 삼성 비스포크 냉정수기 메인파우셋 로즈골드 RWP71210AARM 36개월 48개월 60개월 의무사용 등록비면제-헬로하이렌탈,23800,주방가전,정수기,https://cjhello-hirental.co.kr//cjhello-hirental.co.kr/web/product/big/202105/a4a8bde3c0061fd2a33fd5cf445c4f12.jpg,1764,
LG헬로비전렌탈 삼성 비스포크 냉정수기 메인파우셋 화이트 RWP71210AAWM 36개월 48개월 60개월 의무사용 등록비면제-헬로하이렌탈,23800,주방가전,정수기,https://cjhello-hirental.co.kr//cjhello-hirental.co.kr/web/product/big/202105/89bf4dcb6f0f3c56336e45bb0224aa9e.jpg,1763,
LG헬로비전렌탈 삼성 비스포크 냉정수기 메인파우셋 블랙 RWP71210AABM 36개월 48개월 60개월 의무사용 등록비면제-헬로하이렌탈,23800,주방가전,정수기,https://cjhello-hirental.co.kr//cjhello-hirental.co.kr/web/product/big/202105/49d0311365dfe0b583f59fb0e084e50e.jpg,1762,
"삼성 비스포크 냉온정수기 메인파우셋 로즈골드 RWP71411BARM 36, 48, 60개월 의무사용 등록비면제-헬로하이렌탈",30200,주방가전,정수기,https://cjhello-hirental.co.kr//cjhello-hirental.co.kr/web/product/big/202105/108e34ad202863dffd789d95cae0044d.jpg,1761,
"삼성 비스포크 냉온정수기 메인파우셋 화이트 RWP71411BAWM 36, 48, 60개월 의무사용 등록비면제-헬로하이렌탈",30200,주방가전,정수기,https://cjhello-hirental.co.kr//cjhello-hirental.co.kr/web/product/big/202105/c94d5427fbb596fab5ceb3e74fe17964.jpg,1760,
"삼성 비스포크 냉온정수기 메인파우셋 블랙 RWP71411BABM 36, 48, 60개월 의무사용 등록비면제-헬로하이렌탈",30200,주방가전,정수기,https://cjhello-hirental.co.kr//cjhello-hirental.co.kr/web/product/big/202105/78dd3e1d19e183b1d0225dcbe9a20f73.jpg,1759,
LG헬로렌탈 루헨스 냉온정수기 슬림다이렉트(+케어) WHP-2300 36개월의무사용 등록비면제-헬로하이렌탈,27900,주방가전,정수기,https://cjhello-hirental.co.kr//cjhello-hirental.co.kr/web/product/big/20200625/dc44f6f4dd9b6d74c79147a68dfc95d5.jpg,55,
LG헬로렌탈 루헨스 냉정수기 슬림다이렉트(+케어) WHP-2310 36개월의무사용 등록비면제 정수기렌탈-헬로하이렌탈,25900,주방가전,정수기,https://cjhello-hirental.co.kr//cjhello-hirental.co.kr/web/product/big/20200625/7848c2febbaa5d90d7c8c44537a0bcfe.jpg,54,
노르딕트랙 로잉머신,105900,엔터/뷰티/건강,운동기구,https://cjhello-hirental.co.kr//cjhello-hirental.co.kr/web/product/big/202401/96cf73954be9a8ad55f3c9ef1f4074af.jpg,2157,
"ECHELON,로잉머신 ECH-ROW",52900,엔터/뷰티/건강,운동기구,https://cjhello-hirental.co.kr//cjhello-hirental.co.kr/web/product/big/202110/bdd1f431b67dfc3afa01469436f2e892.jpg,2154,
"LG헬로렌탈 ECHELON 에셜론 로잉머신  ECH-ROWs 48,60개월 약정-헬로하이렌탈",76900,엔터/뷰티/건강,운동기구,https://cjhello-hirental.co.kr//cjhello-hirental.co.kr/web/product/big/202110/f17236c9d354543449d58a87613804bf.jpg,2153,
노르딕트랙 런닝머신,200900,엔터/뷰티/건강,운동기구,https://cjhello-hirental.co.kr//cjhello-hirental.co.kr/web/product/big/202312/28ff2e7bb58aadb17011fe7ad3bd11fd.jpg,2151,
아디다스 로잉머신,44900,엔터/뷰티/건강,운동기구,https://cjhello-hirental.co.kr//cjhello-hirental.co.kr/web/product/big/202309/3fa6781309e70378a509101f996db018.jpg,2071,
노르디트랙좌식싸이클,87900,엔터/뷰티/건강,운동기구,https://cjhello-hirental.co.kr//cjhello-hirental.co.kr/web/product/big/202401/ce928d8280a3917a54032de23059996a.jpg,1979,
LG헬로비전렌탈 리본 사이클 Q200X 36/48/60개월 약정 등록비면제-헬로하이렌탈,18400,엔터/뷰티/건강,운동기구,https://cjhello-hirental.co.kr//cjhello-hirental.co.kr/web/product/big/202102/e9bf251b7721a280c0c8744576f44b8d.jpg,1610,
LG헬로렌탈 노르딕트랙 멀티짐 CST 48개월 약정-헬로하이렌탈,181900,엔터/뷰티/건강,운동기구,https://cjhello-hirental.co.kr//cjhello-hirental.co.kr/web/product/big/202401/5c7d9a354e608de45567aa55c410534e.jpg,1606,
고고런 로잉머신,34900,엔터/뷰티/건강,운동기구,https://cjhello-hirental.co.kr//cjhello-hirental.co.kr/web/product/big/202310/3b2b77d69cc1e1458a28fb0bf37d0117.jpg,1160,
LG헬로렌탈 고고런 좌식싸이클 BX9 48개월 등록비면제-헬로하이렌탈,34900,엔터/뷰티/건강,운동기구,https://cjhello-hirental.co.kr//cjhello-hirental.co.kr/web/product/big/202310/0dad0e7c970a6b70e4390c1c9b8edd86.jpg,1158,
고고런좌식싸이클,26900,엔터/뷰티/건강,운동기구,https://cjhello-hirental.co.kr//cjhello-hirental.co.kr/web/product/big/202310/4023fa95ac0870cd01ccb207e46eb29d.jpg,1157,
싸이벡스 아크트레이너 525AT 의무사용기간 48개월 등록비면제-헬로하이렌탈,299000,엔터/뷰티/건강,운동기구,https://cjhello-hirental.co.kr//cjhello-hirental.co.kr/web/product/big/20200311/3e84c120aee9dcde5d5f2561c8879305.jpg,1156,
싸이벡스 스핀싸이클 스핀IC5 의무사용기간 48개월 등록비면제-헬로하이렌탈,99000,엔터/뷰티/건강,운동기구,https://cjhello-hirental.co.kr//cjhello-hirental.co.kr/web/product/big/20200311/3c2ea8c1a2d8e39070bc14968e5a57d2.jpg,1155,
싸이벡스 로잉머신 하이드로 로어 프로 로잉PRO 의무사용기간 48개월 등록비면제-헬로하이렌탈,119000,엔터/뷰티/건강,운동기구,https://cjhello-hirental.co.kr//cjhello-hirental.co.kr/web/product/big/20200311/46c810d3cc64d5aca1fb59651c63f186.jpg,1152,