user_idx,genre,content_id,similarity,is_home,is_drama,is_movie
541,기타,cjc|M0469509LSGI10515201,0.898055629,1,0,0
541,기타,cjc|M5169991LSVL85357401,0.846199301,1,0,0
541,기타,cjc|M4824674LFOE35437601,0.834713572,1,0,0
541,기타,cjc|M5143124LFOL74587001,0.825303457,1,0,0
541,기타,cjc|M4662694LSGJ92884401,0.819548441,1,0,0
541,기타,cjc|M4802856LSGD91995701,0.813057625,1,0,0
541,기타,cjc|M4418756LFOJ02934901,0.792424195,1,0,0
541,기타,cjc|M4914359LSGI38869901,0.791689373,1,0,0
541,기타,cjc|M5184445LSGM34744001,0.786332972,1,0,0
541,다큐/교양,cjc|M4800037LSGD86641701,0.8982744,1,0,0
541,다큐/교양,cjc|M5141837LSGL09285601,0.894278674,1,0,0
541,다큐/교양,cjc|M0408719LSVE83197701,0.862367282,1,0,0
541,다큐/교양,cjc|M4836739LSVE73228301,0.847362934,1,0,0
541,다큐/교양,cjc|M5143620LFOL23040801,0.832654702,1,0,0
541,다큐/교양,cjc|M5159202LSGL81879401,0.82147386,1,0,0
541,다큐/교양,cjc|M5046264LSVJ40193401,0.811233977,1,0,0
541,다큐/교양,cjc|M5093662LSGK96740601,0.807418677,1,0,0
541,다큐/교양,cjc|M5043914LSGJ88389601,0.795689791,1,0,0
541,예능/오락,cjc|M4737052LSGI29892701,0.895836705,1,0,0
541,예능/오락,cjc|M4957389LSGM47785501,0.887723573,1,0,0
541,예능/오락,cjc|M5174504LSGM04074101,0.869605078,1,0,0
541,예능/오락,cjc|M4433333LSGG76668401,0.858535392,1,0,0
541,예능/오락,cjc|M4430596LSGJ30727201,0.842821193,1,0,0
541,예능/오락,cjc|M5223035LSGN40544801,0.839822781,1,0,0
541,예능/오락,cjc|M5193163LFOM60569501,0.832691409,1,0,0
541,예능/오락,cjc|M4768423LSGK62487801,0.81464004,1,0,0
541,시사/교양,cjc|M5159540LFOL90361601,0.931279446,1,0,0
541,시사/교양,cjc|M4582200LSGH01837401,0.895257437,1,0,0
541,시사/교양,cjc|M4972802LSGK16996601,0.891033545,1,0,0
541,시사/교양,cjc|M4795815LSGL46958001,0.888103733,1,0,0
541,시사/교양,cjc|M5221002LSGN35274301,0.878869615,1,0,0
541,시사/교양,cjc|M4747603LSGK15049401,0.863699539,1,0,0
541,시사/교양,cjc|M4456056LSGH45135701,0.859100768,1,0,0
541,시사/교양,cjc|M4934263LSGJ33562401,0.852354762,1,0,0
541,시사/교양,cjc|M4662698LSGL37866201,0.839880485,1,0,0
541,건강/생활정보,cjc|M5189501LFOM54583701,0.776894259,1,0,0
541,건강/생활정보,cjc|M4950337LSGH11449501,0.761452853,1,0,0
541,건강/생활정보,cjc|M4957866LSGH43982101,0.487751291,1,0,0
541,건강/생활정보,cjc|M5067567LSGJ87527701,0.458880147,1,0,0
541,건강/생활정보,cjc|M4950221LSGH19807401,0.389337232,1,0,0
541,건강/생활정보,cjc|M5013073LFOI69749501,0.379234174,1,0,0
541,건강/생활정보,cjc|CJKC1906201750078589,0.333388435,1,0,0
541,키즈/어린이,cjc|M4775859LSGF83126901,0.922887041,1,0,0
541,키즈/어린이,cjc|M4609539LSGJ27300401,0.852721859,1,0,0
541,키즈/어린이,cjc|M5034749LSGJ49538501,0.822853744,1,0,0
541,키즈/어린이,cjc|M5181015LSGM25222701,0.80573568,1,0,0
541,키즈/어린이,cjc|M4753249LSGF38449401,0.803017109,1,0,0
541,음악/공연,cjc|M5059060LFOJ69535101,0.828231603,1,0,0
541,음악/공연,cjc|M5126430LSGL05748201,0.788248302,1,0,0
541,음악/공연,cjc|M5063495LFOJ78486101,0.77226633,1,0,0
541,음악/공연,cjc|M5130376LSVK82953901,0.696419484,1,0,0
541,음악/공연,cjc|M5069495LFOJ93603101,0.694834757,1,0,0
541,음악/공연,cjc|M4963038LFOI39336601,0.692366112,1,0,0
541,음악/공연,cjc|M5012169LFOI66573301,0.669312697,1,0,0
541,음악/공연,cjc|M4793995LSGD74216001,0.667721636,1,0,0
541,음악/공연,cjc|M5074726LFOK05699901,0.662543117,1,0,0
541,음악/공연,cjc|M5033301LFOJ12256801,0.655509644,1,0,0
541,코미디,cjc|M4590386LSGM07489401,0.921532671,1,0,0
541,코미디,cjc|M5170649LSVL88330201,0.880550403,1,0,0
541,코미디,cjc|M4876545LFOK01374501,0.875669048,1,0,0
541,코미디,cjc|M4213191LSGJ92388701,0.869175899,1,0,0
541,코미디,cjc|M4858233LSVI79010201,0.86756371,1,0,0
541,코미디,cjc|M4299731LSGJ92879201,0.865209298,1,0,0
541,코미디,cjc|M4496097LSGK25175301,0.864524299,1,0,0
541,코미디,cjc|M5028416LSVJ04022701,0.863411709,1,0,0
541,코미디,cjc|M4450324LSGM15452801,0.862536404,1,0,0
541,코미디,cjc|M4971560LSGH77804901,0.860087964,1,0,0
541,드라마,cjc|M4901453LSGI83753201,0.974375697,1,0,0
541,드라마,cjc|M4997533LSVK07058601,0.941387116,1,0,0
541,드라마,cjc|M4973227LSGH86354801,0.932855749,1,0,0
541,드라마,cjc|M0237190LSGI45733001,0.931316365,1,0,0
541,드라마,cjc|M4820153LSVK40470501,0.926589865,1,0,0
541,드라마,cjc|M0120426LSGK94144601,0.921341863,1,0,0
541,드라마,cjc|M4782380LSVE73232801,0.920476622,1,0,0
541,드라마,cjc|M4650758LSGK73174201,0.914586287,1,0,0
541,드라마,cjc|M0419985LSGK13335601,0.911176361,1,0,0
541,드라마,cjc|M4222675LSVK92186801,0.911045654,1,0,0
541,공포/스릴러,cjc|M4840931LSGJ44640701,0.945229846,1,0,0
541,공포/스릴러,cjc|M4756521LSGI39519901,0.912787163,1,0,0
541,공포/스릴러,cjc|M5023612LSVI89692101,0.909713958,1,0,0
541,공포/스릴러,cjc|M5153083LFOL44235301,0.909498347,1,0,0
541,공포/스릴러,cjc|M4859862LSGF01279601,0.903878599,1,0,0
541,공포/스릴러,cjc|M5128562LSGK81325701,0.896924179,1,0,0
541,공포/스릴러,cjc|M4721640LSVI78795301,0.894701861,1,0,0
541,공포/스릴러,cjc|M4514465LSGK80534401,0.894648015,1,0,0
541,애니메이션,cjc|M4884072LSGI44638301,0.90485652,1,0,0
541,애니메이션,cjc|M4723163LSGD91988801,0.89618814,1,0,0
541,애니메이션,cjc|M5018432LSGL57068001,0.889991883,1,0,0
541,애니메이션,cjc|M5154093LSVL48682401,0.886885881,1,0,0
541,애니메이션,cjc|M4686774LSVB17390601,0.881918553,1,0,0
541,애니메이션,cjc|M5210474LSGN22997801,0.870537452,1,0,0
541,애니메이션,cjc|M5139812LSGL04840101,0.863856507,1,0,0
541,애니메이션,cjc|M5013647LSGI86238801,0.862115549,1,0,0
541,애니메이션,cjc|M5095204LSGK66003101,0.851788955,1,0,0
541,애니메이션,cjc|M4931231LSGG62332101,0.851541433,1,0,0
541,로맨스,cjc|M4883773LSVF49552201,0.92970682,1,0,0
541,로맨스,cjc|M4966002LSVH60560001,0.922424191,1,0,0
541,로맨스,cjc|M5214242LSVN17740201,0.9186082,1,0,0
541,로맨스,cjc|M4991854LSVI19340601,0.905125472,1,0,0
541,로맨스,cjc|M5053343LSGJ57257201,0.892828212,1,0,0
541,로맨스,cjc|M4760931LSGI39520401,0.883220364,1,0,0
541,로맨스,cjc|M4974635LSVH83764801,0.880829317,1,0,0
541,SF/판타지,cjc|M0370498LSG229656101,0.965882508,1,0,0
541,SF/판타지,cjc|M4406832LSG594524301,0.947638889,1,0,0
541,SF/판타지,cjc|M0415373LSGJ15193501,0.918141387,1,0,0
541,SF/판타지,cjc|M5126631LSVK72710101,0.879075548,1,0,0
541,SF/판타지,cjc|M4308597LSG714242101,0.843391303,1,0,0
541,SF/판타지,cjc|M4396939LSG574091501,0.828412589,1,0,0
541,SF/판타지,cjc|M4949951LSGI39301701,0.817101825,1,0,0
541,SF/판타지,cjc|M4486470LSGJ93537901,0.789264162,1,0,0
541,SF/판타지,cjc|M4243778LSG408747301,0.784188828,1,0,0
541,액션/무협,cjc|M5086741LSVK50722901,0.951809496,1,0,0
541,액션/무협,cjc|M5046031LSGJ40267501,0.922626078,1,0,0
541,액션/무협,cjc|M5003472LSVI42890801,0.921834512,1,0,0
541,액션/무협,cjc|M4693656LSGB76779801,0.921401819,1,0,0
541,액션/무협,cjc|M5045238LSVJ49554501,0.921104991,1,0,0
541,액션/무협,cjc|M4615606LSVI38227301,0.916196559,1,0,0
541,액션/무협,cjc|M4988067LSVI12501801,0.913007424,1,0,0
541,액션/무협,cjc|M4961696LSVH60292001,0.90839874,1,0,0
541,액션/무협,cjc|M4820824LSGE75542101,0.905225005,1,0,0
541,교육/학습,cjc|M4670579LFOL15993401,0.699571865,1,0,0
541,교육/학습,cjc|M5027835LFOJ01220301,0.629421874,1,0,0
541,교육/학습,cjc|M5027600LFOJ01172801,0.562578132,1,0,0
541,교육/학습,cjc|M4304573LSGK38761701,0.504549818,1,0,0
541,교육/학습,cjc|M4382206LSGG38163701,0.433945829,1,0,0
541,교육/학습,cjc|M4311880LSGK60808001,0.416433592,1,0,0
541,교육/학습,cjc|M4335785LFOK72305801,0.409522364,1,0,0
541,교육/학습,cjc|M4336084LFOK76728701,0.352860081,1,0,0
541,교육/학습,cjc|M4663198LSGL06611801,0.329443939,1,0,0
541,교육/학습,cjc|M5189602LFOM51770901,0.318495005,1,0,0
541,스포츠,cjc|M5157318LFOL56972701,0.763658129,1,0,0
541,스포츠,cjc|M5157320LFOL56972901,0.611855757,1,0,0
541,스포츠,cjc|M5209742LFON04505501,0.574482037,1,0,0
541,스포츠,cjc|M5014237LFOI72271501,0.551362772,1,0,0
541,스포츠,cjc|M0341501LFO208266701,0.506171625,1,0,0
541,스포츠,cjc|M0341503LFO208266901,0.506171625,1,0,0
541,스포츠,cjc|M0341504LFO208267001,0.506171625,1,0,0
541,스포츠,cjc|M0340515LFO208266601,0.506171625,1,0,0
541,스포츠,cjc|M0341509LFO208267501,0.506171625,1,0,0
541,스포츠,cjc|M0341508LFO208267401,0.506171625,1,0,0
436971,기타,cjc|M0469509LSGI10515201,0.927632457,1,0,0
436971,기타,cjc|M4588127LSG898305801,0.913156494,1,0,0
436971,기타,cjc|M4418756LFOJ02934901,0.898648596,1,0,0
436971,기타,cjc|M5141428LSGL09405301,0.892243399,1,0,0
436971,기타,cjc|M5143124LFOL74587001,0.867783919,1,0,0
436971,기타,cjc|M0468524LSG301782201,0.850425129,1,0,0
436971,기타,cjc|M5184445LSGM34744001,0.843546358,1,0,0
436971,기타,cjc|M5169991LSVL85357401,0.834525678,1,0,0
436971,기타,cjc|M5194516LSGM64054301,0.830595677,1,0,0
436971,기타,cjc|M4824674LFOE35437601,0.820624454,1,0,0
436971,다큐/교양,cjc|M5141837LSGL09285601,0.9049658,1,0,0
436971,다큐/교양,cjc|M4996003LSVK92225101,0.888843041,1,0,0
436971,다큐/교양,cjc|M5046264LSVJ40193401,0.88489881,1,0,0
436971,다큐/교양,cjc|M0408719LSVE83197701,0.871560134,1,0,0
436971,다큐/교양,cjc|M5043914LSGJ88389601,0.863902878,1,0,0
436971,다큐/교양,cjc|M5161051LSGL64723301,0.851813134,1,0,0
436971,다큐/교양,cjc|M0445589LSGL12933401,0.832606039,1,0,0
436971,다큐/교양,cjc|M5016253LFOI75024601,0.824955371,1,0,0
436971,다큐/교양,cjc|M5137806LSGK95350701,0.799962425,1,0,0
436971,다큐/교양,cjc|M4836739LSVE73228301,0.785893739,1,0,0
436971,예능/오락,cjc|M4433333LSGG76668401,0.878204877,1,0,0
436971,예능/오락,cjc|M5220978LSGN35241701,0.864609105,1,0,0
436971,예능/오락,cjc|M4957389LSGM47785501,0.856867414,1,0,0
436971,예능/오락,cjc|M4684312LSGI99167601,0.855757474,1,0,0
436971,예능/오락,cjc|M4862964LSGM64525301,0.848167523,1,0,0
436971,예능/오락,cjc|M4689850LSGJ29470801,0.845155855,1,0,0
436971,예능/오락,cjc|M4492401LSGK58046901,0.843569404,1,0,0
436971,예능/오락,cjc|M4750005LSGK11010101,0.839589531,1,0,0
436971,예능/오락,cjc|M4759315LSGK52134901,0.837426151,1,0,0
436971,시사/교양,cjc|M4934263LSGJ33562401,0.943161538,1,0,0
436971,시사/교양,cjc|M4795815LSGL46958001,0.907886461,1,0,0
436971,시사/교양,cjc|M4582200LSGH01837401,0.902199221,1,0,0
436971,시사/교양,cjc|M4972802LSGK16996601,0.874559594,1,0,0
436971,시사/교양,cjc|M5081790LFOK21253001,0.871636741,1,0,0
436971,시사/교양,cjc|M5159540LFOL90361601,0.862648901,1,0,0
436971,시사/교양,cjc|M4934405LSGJ60787501,0.849330667,1,0,0
436971,시사/교양,cjc|M4662698LSGL37866201,0.849066945,1,0,0
436971,시사/교양,cjc|M5221002LSGN35274301,0.848494639,1,0,0
436971,시사/교양,cjc|M4998376LFOI38173601,0.830595677,1,0,0
436971,건강/생활정보,cjc|M5189501LFOM54583701,0.783354619,1,0,0
436971,건강/생활정보,cjc|M4957866LSGH43982101,0.728383607,1,0,0
436971,건강/생활정보,cjc|M4950337LSGH11449501,0.617310006,1,0,0
436971,건강/생활정보,cjc|M4950221LSGH19807401,0.527641963,1,0,0
436971,건강/생활정보,cjc|M4784726LSGI63868601,0.421588892,1,0,0
436971,건강/생활정보,cjc|M5013073LFOI69749501,0.355997802,1,0,0
436971,건강/생활정보,cjc|CJKC1906201750078589,0.313799623,1,0,0
436971,키즈/어린이,cjc|M4775859LSGF83126901,0.954776834,1,0,0
436971,키즈/어린이,cjc|M4609539LSGJ27300401,0.907267649,1,0,0
436971,키즈/어린이,cjc|M5070066LSGJ98200101,0.886132842,1,0,0
436971,키즈/어린이,cjc|M5084832LSVK45493901,0.848237978,1,0,0
436971,키즈/어린이,cjc|M5082821LSVK45496501,0.848237978,1,0,0
436971,키즈/어린이,cjc|M5181015LSGM25222701,0.835466004,1,0,0
436971,키즈/어린이,cjc|M5213230LSGN16281901,0.818653351,1,0,0
436971,키즈/어린이,cjc|M4564794LSGB45367001,0.818572063,1,0,0
436971,음악/공연,cjc|M5059060LFOJ69535101,0.933270674,1,0,0
436971,음악/공연,cjc|M5044005LFOJ32752501,0.792936446,1,0,0
436971,음악/공연,cjc|M5011216LSGK38724701,0.789304005,1,0,0
436971,음악/공연,cjc|M5069495LFOJ93603101,0.77514055,1,0,0
436971,음악/공연,cjc|M5074726LFOK05699901,0.750970208,1,0,0
436971,음악/공연,cjc|M5022498LFOI87274101,0.749898708,1,0,0
436971,음악/공연,cjc|M5037736LFOJ22754301,0.741326764,1,0,0
436971,음악/공연,cjc|M5063495LFOJ78486101,0.71637732,1,0,0
436971,음악/공연,cjc|M4793995LSGD74216001,0.700974764,1,0,0
436971,음악/공연,JCN|JCN20190225174001201,0.675959979,1,0,0
436971,코미디,cjc|M5170649LSVL88330201,0.941335195,1,0,0
436971,코미디,cjc|M5165109LSVL71140201,0.940633264,1,0,0
436971,코미디,cjc|M4590386LSGM07489401,0.924703952,1,0,0
436971,코미디,cjc|M4858233LSVI79010201,0.918470809,1,0,0
436971,코미디,cjc|M5086744LSVK39830301,0.900232473,1,0,0
436971,코미디,cjc|M4974717LSGI39479001,0.898925864,1,0,0
436971,코미디,cjc|M5046265LSVJ40193301,0.896456464,1,0,0
436971,코미디,cjc|M4997643LSVI42161001,0.89128386,1,0,0
436971,코미디,cjc|M4496097LSGK25175301,0.885291183,1,0,0
436971,코미디,cjc|M4299754LSG449007801,0.884149191,1,0,0
436971,드라마,cjc|M4997533LSVK07058601,0.950050123,1,0,0
436971,드라마,cjc|M4973227LSGH86354801,0.940378714,1,0,0
436971,드라마,cjc|M4653703LSGJ51428601,0.926388747,1,0,0
436971,드라마,cjc|M4994557LSVI39248701,0.926360182,1,0,0
436971,드라마,cjc|M5154457LSVL48757501,0.924760981,1,0,0
436971,드라마,cjc|M4888773LSGI38302401,0.917987452,1,0,0
436971,드라마,cjc|M4486090LSGJ91037701,0.914882174,1,0,0
436971,드라마,cjc|M4678186LSVA98927101,0.911359993,1,0,0
436971,드라마,cjc|M0319839LSGK67152101,0.90867265,1,0,0
436971,드라마,cjc|M4109881LSG395668601,0.907342389,1,0,0
436971,공포/스릴러,cjc|M4769781LSGI39583001,0.933463982,1,0,0
436971,공포/스릴러,cjc|M5144036LSGL15399401,0.932623986,1,0,0
436971,공포/스릴러,cjc|M5153083LFOL44235301,0.923755428,1,0,0
436971,공포/스릴러,cjc|M4840931LSGJ44640701,0.923143003,1,0,0
436971,공포/스릴러,cjc|M4896521LSGI38604401,0.919963728,1,0,0
436971,공포/스릴러,cjc|M4980892LSGI39493101,0.913527138,1,0,0
436971,공포/스릴러,cjc|M4922229LSGK66802201,0.910277327,1,0,0
436971,공포/스릴러,cjc|M4903512LSVI38255101,0.906111058,1,0,0
436971,공포/스릴러,cjc|M5077040LSVK31382401,0.90369412,1,0,0
436971,애니메이션,cjc|M5085474LFOK96737501,0.95359515,1,0,0
436971,애니메이션,cjc|M4878927LSGF40611301,0.918317853,1,0,0
436971,애니메이션,cjc|M4723163LSGD91988801,0.897152084,1,0,0
436971,애니메이션,cjc|M5018432LSGL57068001,0.887025949,1,0,0
436971,애니메이션,cjc|M5013793LSGJ01715201,0.88092461,1,0,0
436971,애니메이션,cjc|M5013647LSGI86238801,0.880385103,1,0,0
436971,애니메이션,cjc|M0469441LSG288620101,0.879516316,1,0,0
436971,애니메이션,cjc|M5095888LSGK76794801,0.872730826,1,0,0
436971,애니메이션,cjc|M5204255LSGM94690101,0.868343319,1,0,0
436971,애니메이션,cjc|M4686774LSVB17390601,0.866620118,1,0,0
436971,로맨스,cjc|M4966002LSVH60560001,0.947553139,1,0,0
436971,로맨스,cjc|M5011222LSGL16325101,0.944888985,1,0,0
436971,로맨스,cjc|M5094290LSVK72211001,0.920680381,1,0,0
436971,로맨스,cjc|M5214242LSVN17740201,0.916025164,1,0,0
436971,로맨스,cjc|M4883773LSVF49552201,0.915392272,1,0,0
436971,로맨스,cjc|M4212554LSG545909801,0.909812817,1,0,0
436971,로맨스,cjc|M5051392LSVJ52437201,0.907105959,1,0,0
436971,SF/판타지,cjc|M0370498LSG229656101,0.975069927,1,0,0
436971,SF/판타지,cjc|M4406832LSG594524301,0.92673291,1,0,0
436971,SF/판타지,cjc|M0415373LSGJ15193501,0.921565424,1,0,0
436971,SF/판타지,cjc|M4949951LSGI39301701,0.906131514,1,0,0
436971,SF/판타지,cjc|M4243778LSG408747301,0.877076742,1,0,0
436971,SF/판타지,cjc|M4434565LSGJ90744901,0.851064992,1,0,0
436971,SF/판타지,cjc|M5126631LSVK72710101,0.846687116,1,0,0
436971,SF/판타지,cjc|M4576803LSG878195401,0.837094434,1,0,0
436971,SF/판타지,cjc|M4104550LSG317370101,0.819935945,1,0,0
436971,액션/무협,cjc|M4971572LSGH78319701,0.967127542,1,0,0
436971,액션/무협,cjc|M5023432LSGI88717401,0.937434506,1,0,0
436971,액션/무협,cjc|M5086741LSVK50722901,0.928518669,1,0,0
436971,액션/무협,cjc|M4961696LSVH60292001,0.928517894,1,0,0
436971,액션/무협,cjc|M5220116LSVN35617801,0.924591209,1,0,0
436971,액션/무협,cjc|M4609156LSGM45241201,0.921594519,1,0,0
436971,액션/무협,cjc|M4379580LSGK90970201,0.917451909,1,0,0
436971,액션/무협,cjc|M4999577LSGI40730201,0.915782128,1,0,0
436971,액션/무협,cjc|M4304551LSVH60353101,0.915193805,1,0,0
436971,액션/무협,cjc|M4784581LSVE73254101,0.914551896,1,0,0
436971,교육/학습,cjc|M4670579LFOL15993401,0.744711343,1,0,0
436971,교육/학습,cjc|M5027600LFOJ01172801,0.667350104,1,0,0
436971,교육/학습,cjc|M5027835LFOJ01220301,0.610889774,1,0,0
436971,교육/학습,cjc|M4335785LFOK72305801,0.566816236,1,0,0
436971,교육/학습,cjc|M4311880LSGK60808001,0.493392526,1,0,0
436971,교육/학습,cjc|M4382206LSGG38163701,0.450476079,1,0,0
436971,교육/학습,cjc|M4304573LSGK38761701,0.41743293,1,0,0
436971,교육/학습,cjc|M4336084LFOK76728701,0.412912516,1,0,0
436971,교육/학습,cjc|M4489619LFO720528201,0.347884055,1,0,0
436971,교육/학습,cjc|M0452776LFOG50017301,0.342378118,1,0,0
436971,스포츠,cjc|M5157320LFOL56972901,0.740515201,1,0,0
436971,스포츠,cjc|M0341502LFO208266801,0.631071784,1,0,0
436971,스포츠,cjc|M0341504LFO208267001,0.631071784,1,0,0
436971,스포츠,cjc|M0341503LFO208266901,0.631071784,1,0,0
436971,스포츠,cjc|M0341506LFO208267201,0.631071784,1,0,0
436971,스포츠,cjc|M0340515LFO208266601,0.631071784,1,0,0
436971,스포츠,cjc|M0341501LFO208266701,0.631071784,1,0,0
436971,스포츠,cjc|M0341505LFO208267101,0.631071784,1,0,0
436971,스포츠,cjc|M0341509LFO208267501,0.631071784,1,0,0
436971,스포츠,cjc|M0341508LFO208267401,0.631071784,1,0,0
449791,기타,cjc|M5169991LSVL85357401,0.843528219,1,0,0
449791,기타,cjc|M5143124LFOL74587001,0.834124697,1,0,0
449791,기타,cjc|M5184445LSGM34744001,0.831961711,1,0,0
449791,기타,cjc|M5023955LSGI92259301,0.816538002,1,0,0
449791,기타,cjc|M4418756LFOJ02934901,0.815340696,1,0,0
449791,기타,cjc|M5195372LSVM66919401,0.774849113,1,0,0
449791,기타,cjc|M5074069LSVK03250101,0.76126611,1,0,0
449791,기타,cjc|M5171664LFOL92745901,0.760934488,1,0,0
449791,기타,cjc|M4270685LSGJ64004801,0.749779344,1,0,0
449791,다큐/교양,cjc|M5141837LSGL09285601,0.859509495,1,0,0
449791,다큐/교양,cjc|M5159202LSGL81879401,0.850811479,1,0,0
449791,다큐/교양,cjc|M4836739LSVE73228301,0.834518365,1,0,0
449791,다큐/교양,cjc|M4981340LSGK28768901,0.833991674,1,0,0
449791,다큐/교양,cjc|M0408719LSVE83197701,0.825542167,1,0,0
449791,다큐/교양,cjc|M5020780LFOI82963101,0.818809285,1,0,0
449791,다큐/교양,cjc|M4753855LSGF27406001,0.804828146,1,0,0
449791,다큐/교양,cjc|M5193604LSGM63810001,0.773590431,1,0,0
449791,다큐/교양,cjc|M5043914LSGJ88389601,0.766651684,1,0,0
449791,다큐/교양,cjc|M4800037LSGD86641701,0.761949501,1,0,0
449791,예능/오락,cjc|M5007317LSGI54461001,0.883134976,1,0,0
449791,예능/오락,cjc|M4806369LSGH50571601,0.848398273,1,0,0
449791,예능/오락,cjc|M4837337LSGM28980801,0.846930169,1,0,0
449791,예능/오락,cjc|M5143249LSGL13025601,0.836539181,1,0,0
449791,예능/오락,cjc|M4229838LSGJ88288301,0.823400702,1,0,0
449791,예능/오락,cjc|M4727484LSGJ62481901,0.822143238,1,0,0
449791,예능/오락,cjc|M4471306LSGF16007401,0.802013035,1,0,0
449791,예능/오락,cjc|M4896681LSGI38439101,0.791136966,1,0,0
449791,예능/오락,cjc|M4430596LSGJ30727201,0.783619345,1,0,0
449791,예능/오락,cjc|M4548282LSGH50570101,0.783377749,1,0,0
449791,시사/교양,cjc|M4795815LSGL46958001,0.892114382,1,0,0
449791,시사/교양,cjc|M5221002LSGN35274301,0.876628339,1,0,0
449791,시사/교양,cjc|M4934263LSGJ33562401,0.837128177,1,0,0
449791,시사/교양,cjc|M5047413LFOJ41918901,0.834633178,1,0,0
449791,시사/교양,cjc|M4582200LSGH01837401,0.833586523,1,0,0
449791,시사/교양,cjc|M4662698LSGL37866201,0.827352061,1,0,0
449791,시사/교양,cjc|M4997685LSGK84337701,0.82414541,1,0,0
449791,시사/교양,cjc|M5159540LFOL90361601,0.820336748,1,0,0
449791,시사/교양,cjc|M4456056LSGH45135701,0.81261931,1,0,0
449791,시사/교양,cjc|M4515095LSGL08910801,0.803638868,1,0,0
449791,건강/생활정보,cjc|M4950337LSGH11449501,0.735410689,1,0,0
449791,건강/생활정보,cjc|CJKC1906201750078589,0.64355773,1,0,0
449791,건강/생활정보,cjc|M5189501LFOM54583701,0.616548624,1,0,0
449791,건강/생활정보,cjc|M4957866LSGH43982101,0.53646751,1,0,0
449791,건강/생활정보,cjc|M4950221LSGH19807401,0.494980437,1,0,0
449791,건강/생활정보,cjc|M5067567LSGJ87527701,0.274923858,1,0,0
449791,건강/생활정보,cjc|M5013073LFOI69749501,0.230801975,1,0,0
449791,건강/생활정보,cjc|M4966218LSGH83046701,0.206946402,1,0,0
449791,키즈/어린이,cjc|M4656630LSGC35389801,0.90450364,1,0,0
449791,키즈/어린이,cjc|M4775859LSGF83126901,0.868387693,1,0,0
449791,키즈/어린이,cjc|I0104408LFO011205801,0.824885969,1,0,0
449791,키즈/어린이,cjc|M4302241LFOI50225901,0.824512649,1,0,0
449791,키즈/어린이,cjc|M4964739LSGH61097801,0.800622455,1,0,0
449791,키즈/어린이,cjc|M5174302LSGM06493001,0.8003134,1,0,0
449791,키즈/어린이,cjc|M4930370LSGG61584101,0.793727169,1,0,0
449791,키즈/어린이,cjc|I0104448LFO011206801,0.777301838,1,0,0
449791,음악/공연,cjc|M5074726LFOK05699901,0.714023782,1,0,0
449791,음악/공연,cjc|M5059060LFOJ69535101,0.713669874,1,0,0
449791,음악/공연,cjc|M5069495LFOJ93603101,0.68354282,1,0,0
449791,음악/공연,cjc|M5044005LFOJ32752501,0.660462966,1,0,0
449791,음악/공연,cjc|M5022498LFOI87274101,0.645186793,1,0,0
449791,음악/공연,cjc|M5071284LFOJ97990801,0.636272057,1,0,0
449791,음악/공연,cjc|M5130376LSVK82953901,0.616890626,1,0,0
449791,음악/공연,cjc|M5069494LFOJ93603001,0.599426476,1,0,0
449791,음악/공연,cjc|M5022499LFOI87274301,0.592034117,1,0,0
449791,음악/공연,cjc|M5053414LFOJ57274701,0.587671274,1,0,0
449791,코미디,cjc|M4299754LSG449007801,0.891137663,1,0,0
449791,코미디,cjc|M4458390LSGF08679601,0.860236365,1,0,0
449791,코미디,cjc|M4591778LSGE71449601,0.851640531,1,0,0
449791,코미디,cjc|M5170649LSVL88330201,0.845490147,1,0,0
449791,코미디,cjc|M0351481LSVJ20421801,0.822603638,1,0,0
449791,코미디,cjc|M5086744LSVK39830301,0.821887044,1,0,0
449791,코미디,cjc|M0451223LSGL13103101,0.820705542,1,0,0
449791,코미디,cjc|M4952091LSGH17958301,0.8200613,1,0,0
449791,코미디,cjc|M4450324LSGM15452801,0.816469522,1,0,0
449791,코미디,cjc|M5191103LSGM56014101,0.805227372,1,0,0
449791,드라마,cjc|M4940564LFOL57790701,0.93068888,1,0,0
449791,드라마,cjc|M4991120LSVI16478701,0.93068888,1,0,0
449791,드라마,cjc|M4689018LFOB21951801,0.91445755,1,0,0
449791,드라마,cjc|M4874031LSGF32146601,0.912261846,1,0,0
449791,드라마,cjc|M4730156LSGE75435101,0.906004521,1,0,0
449791,드라마,cjc|M4853365LSGM42194501,0.905456432,1,0,0
449791,드라마,cjc|M5046902LSGJ44415601,0.905039143,1,0,0
449791,드라마,cjc|M4972464LFOH84391101,0.902872657,1,0,0
449791,드라마,cjc|M5215213LSVN24748601,0.900760063,1,0,0
449791,드라마,cjc|M4820153LSVK40470501,0.899397608,1,0,0
449791,공포/스릴러,cjc|M4852982LSGI45651101,0.92403008,1,0,0
449791,공포/스릴러,cjc|M0445384LSGK97540201,0.911963478,1,0,0
449791,공포/스릴러,cjc|M4603470LSGK94115501,0.905889261,1,0,0
449791,공포/스릴러,cjc|M0362531LSGL77590601,0.903111972,1,0,0
449791,공포/스릴러,cjc|M4765677LSVJ33608701,0.901025994,1,0,0
449791,공포/스릴러,cjc|M4673813LFOD87469801,0.898889173,1,0,0
449791,공포/스릴러,cjc|M4859862LSGF01279601,0.896442672,1,0,0
449791,공포/스릴러,cjc|M4796440LFOL10618301,0.895526975,1,0,0
449791,공포/스릴러,cjc|M4983719LSVI07837101,0.89405583,1,0,0
449791,공포/스릴러,cjc|M4896521LSGI38604401,0.889866027,1,0,0
449791,애니메이션,cjc|M5085474LFOK96737501,0.889384937,1,0,0
449791,애니메이션,cjc|M5048912LSGJ49489001,0.878985315,1,0,0
449791,애니메이션,cjc|M4458622LSGH32696401,0.872836612,1,0,0
449791,애니메이션,cjc|M4768687LSGL71119601,0.866371815,1,0,0
449791,애니메이션,cjc|M0461638LSGI61328201,0.855143218,1,0,0
449791,애니메이션,cjc|M4484896LSGF38481801,0.848398273,1,0,0
449791,애니메이션,cjc|M4686774LSVB17390601,0.84700953,1,0,0
449791,애니메이션,cjc|M4909137LFOG13782801,0.846582369,1,0,0
449791,애니메이션,cjc|M4773828LSGI65374301,0.84599046,1,0,0
449791,애니메이션,cjc|M4297593LSGH11276301,0.842367637,1,0,0
449791,로맨스,cjc|M4344965LSVI20224801,0.911774002,1,0,0
449791,로맨스,cjc|M5051392LSVJ52437201,0.911139131,1,0,0
449791,로맨스,cjc|M5214242LSVN17740201,0.910311323,1,0,0
449791,로맨스,cjc|M4855428LSVE92950501,0.878891815,1,0,0
449791,로맨스,cjc|M5006306LSVJ07836801,0.878860997,1,0,0
449791,로맨스,cjc|M0390627LSGK94119001,0.853005167,1,0,0
449791,로맨스,cjc|M4996483LSGI26870701,0.84026592,1,0,0
449791,로맨스,cjc|M4310542LSG451337601,0.831261676,1,0,0
449791,로맨스,cjc|M4969514LSVI64881001,0.826735094,1,0,0
449791,로맨스,cjc|M4966002LSVH60560001,0.818725969,1,0,0
449791,SF/판타지,cjc|M4406832LSG594524301,0.844816949,1,0,0
449791,SF/판타지,cjc|M0415373LSGJ15193501,0.834972916,1,0,0
449791,SF/판타지,cjc|M5051120LSGJ51281701,0.832300263,1,0,0
449791,SF/판타지,cjc|M4396939LSG574091501,0.830143035,1,0,0
449791,SF/판타지,cjc|M4212915LSGJ74547401,0.819298215,1,0,0
449791,SF/판타지,cjc|M0370498LSG229656101,0.813071005,1,0,0
449791,SF/판타지,cjc|M4434565LSGJ90744901,0.803217825,1,0,0
449791,SF/판타지,cjc|M4774488LSGJ90743101,0.790584479,1,0,0
449791,SF/판타지,cjc|M5192238LSVM57590901,0.786429233,1,0,0
449791,SF/판타지,cjc|M0397546LSGK66756501,0.786395233,1,0,0
449791,액션/무협,cjc|M4678779LSGD80952401,0.929267542,1,0,0
449791,액션/무협,cjc|M4983571LSVI02728001,0.915714478,1,0,0
449791,액션/무협,cjc|M5085102LSGK29363301,0.908542241,1,0,0
449791,액션/무협,cjc|M4737620LSGE75519101,0.896002154,1,0,0
449791,액션/무협,cjc|M4999878LSGI46336001,0.894665238,1,0,0
449791,액션/무협,cjc|M4999577LSGI40730201,0.890063522,1,0,0
449791,액션/무협,cjc|M5011320LSVI63181801,0.886409839,1,0,0
449791,액션/무협,cjc|M4693656LSGB76779801,0.880044416,1,0,0
449791,액션/무협,cjc|M4665754LSGL57842301,0.878654607,1,0,0
449791,액션/무협,cjc|M5213442LSGN21067201,0.87857531,1,0,0
449791,교육/학습,cjc|M4670579LFOL15993401,0.860698118,1,0,0
449791,교육/학습,cjc|M4304573LSGK38761701,0.733225769,1,0,0
449791,교육/학습,cjc|M5027835LFOJ01220301,0.655848159,1,0,0
449791,교육/학습,cjc|M5027600LFOJ01172801,0.550352454,1,0,0
449791,교육/학습,cjc|M5027523LFOJ01155101,0.475533531,1,0,0
449791,교육/학습,cjc|M4274307LSGJ96265401,0.443040509,1,0,0
449791,교육/학습,cjc|M4311880LSGK60808001,0.433070925,1,0,0
449791,교육/학습,cjc|M4793518LFOJ41312801,0.428311682,1,0,0
449791,교육/학습,cjc|M5027529LFOJ01157301,0.428311682,1,0,0
449791,교육/학습,cjc|M5216784LFON25864201,0.390916337,1,0,0
449791,스포츠,cjc|M5157320LFOL56972901,0.526019844,1,0,0
449791,스포츠,cjc|M5209742LFON04505501,0.464239719,1,0,0
449791,스포츠,cjc|M5014237LFOI72271501,0.435834516,1,0,0
449791,스포츠,cjc|M4935939LFOG72331101,0.418359521,1,0,0
449791,스포츠,cjc|M0341501LFO208266701,0.385917442,1,0,0
449791,스포츠,cjc|M0341503LFO208266901,0.385917442,1,0,0
449791,스포츠,cjc|M0341504LFO208267001,0.385917442,1,0,0
449791,스포츠,cjc|M0341505LFO208267101,0.385917442,1,0,0
449791,스포츠,cjc|M0341509LFO208267501,0.385917442,1,0,0
449791,스포츠,cjc|M0341508LFO208267401,0.385917442,1,0,0
541,코미디,cjc|M5023010LSVI87950701,0.735623606,0,1,0
541,코미디,cjc|M5193738LSVM61967701,0.680858296,0,1,0
541,코미디,cjc|M4751622LSVI39615001,0.636351454,0,1,0
541,코미디,cjc|M5055564LSVJ62132501,0.620812973,0,1,0
541,코미디,cjc|M4851298LFOK01369301,0.617192557,0,1,0
541,코미디,cjc|M0399469LFOE98730801,0.601455133,0,1,0
541,코미디,cjc|M4603345LSGL77153501,0.596935954,0,1,0
541,코미디,cjc|M4739255LFOJ49513001,0.561274046,0,1,0
541,코미디,cjc|M5012786LSVI68979101,0.553944888,0,1,0
541,코미디,cjc|M4245521LSGL77453301,0.523615852,0,1,0
541,음악/공연,cjc|M5130376LSVK82953901,0.682414826,0,1,0
541,음악/공연,cjc|M4793995LSGD74216001,0.647656033,0,1,0
541,음악/공연,cjc|M5011216LSGK38724701,0.60417688,0,1,0
541,음악/공연,cjc|M4251538LSG411115801,0.603774913,0,1,0
541,음악/공연,cjc|M0422568LSVI38400701,0.591925718,0,1,0
541,음악/공연,cjc|M5140674LSVL05059901,0.547246324,0,1,0
541,음악/공연,cjc|M5160515LSVM08555101,0.458540146,0,1,0
541,음악/공연,cjc|M4996066LSGI39246501,0.391329026,0,1,0
541,음악/공연,cjc|M4377222LSGK06839701,0.37949273,0,1,0
541,음악/공연,cjc|M4824215LSGG59942601,0.3152847,0,1,0
541,드라마,cjc|M4901453LSGI83753201,0.971597798,0,1,0
541,드라마,cjc|M4997533LSVK07058601,0.941578455,0,1,0
541,드라마,cjc|M4973227LSGH86354801,0.934489355,0,1,0
541,드라마,cjc|M0237190LSGI45733001,0.931358708,0,1,0
541,드라마,cjc|M4820153LSVK40470501,0.927431613,0,1,0
541,드라마,cjc|M4650758LSGK73174201,0.920665217,0,1,0
541,드라마,cjc|M4222675LSVK92186801,0.915300088,0,1,0
541,드라마,cjc|M0120426LSGK94144601,0.914138939,0,1,0
541,드라마,cjc|M4241844LSGH94101801,0.91370691,0,1,0
541,드라마,cjc|M4888773LSGI38302401,0.908713927,0,1,0
541,로맨스,cjc|M4883773LSVF49552201,0.923847706,0,1,0
541,로맨스,cjc|M5214242LSVN17740201,0.920297396,0,1,0
541,로맨스,cjc|M0390627LSGK94119001,0.862177072,0,1,0
541,로맨스,cjc|M5192948LSVM60506801,0.859543007,0,1,0
541,로맨스,cjc|M5152632LSVL40459701,0.845602546,0,1,0
541,로맨스,cjc|M4969514LSVI64881001,0.834297733,0,1,0
541,로맨스,cjc|M5050870LSVJ84210101,0.833178447,0,1,0
541,로맨스,cjc|M4920985LSVG38263301,0.817334932,0,1,0
541,로맨스,cjc|M5047460LSVJ42659601,0.815378623,0,1,0
541,공포/스릴러,cjc|M4840931LSGJ44640701,0.946525625,0,1,0
541,공포/스릴러,cjc|M5153083LFOL44235301,0.90200469,0,1,0
541,공포/스릴러,cjc|M5077040LSVK31382401,0.900294406,0,1,0
541,공포/스릴러,cjc|M4169037LSGJ44619301,0.884236854,0,1,0
541,공포/스릴러,cjc|M4890747LSVF64076101,0.880429781,0,1,0
541,공포/스릴러,cjc|M4760312LSVH02272101,0.869377233,0,1,0
541,공포/스릴러,cjc|M4272561LSGL29986101,0.865191633,0,1,0
541,공포/스릴러,cjc|M5152689LSVL41583901,0.855465995,0,1,0
541,공포/스릴러,cjc|M4791301LSGL28635301,0.852914926,0,1,0
541,공포/스릴러,cjc|M5218982LFON34221801,0.842417311,0,1,0
541,액션/무협,cjc|M4693656LSGB76779801,0.919794529,0,1,0
541,액션/무협,cjc|M5045238LSVJ49554501,0.914055751,0,1,0
541,액션/무협,cjc|M4988067LSVI12501801,0.911364192,0,1,0
541,액션/무협,cjc|M4961696LSVH60292001,0.905984122,0,1,0
541,액션/무협,cjc|M4839816LSVK92529401,0.867059365,0,1,0
541,액션/무협,cjc|M4753420LSVK00059501,0.863469872,0,1,0
541,액션/무협,cjc|M4241862LSGM83328601,0.845520041,0,1,0
541,액션/무협,cjc|M4731174LSVG93977901,0.833589489,0,1,0
541,액션/무협,cjc|M5023412LSVI95518701,0.830458795,0,1,0
541,액션/무협,cjc|M4617067LSGC63501201,0.829876788,0,1,0
541,다큐/교양,cjc|M5141837LSGL09285601,0.89364752,0,1,0
541,다큐/교양,cjc|M4800037LSGD86641701,0.890906453,0,1,0
541,다큐/교양,cjc|M4836739LSVE73228301,0.853423254,0,1,0
541,다큐/교양,cjc|M0360227LFOI35741001,0.772283396,0,1,0
541,다큐/교양,cjc|M4251534LSGJ92419101,0.689459482,0,1,0
541,다큐/교양,cjc|M4624294LSGJ75331301,0.64482632,0,1,0
541,다큐/교양,cjc|M0367753LSGL81885301,0.628736386,0,1,0
541,다큐/교양,cjc|M4631101LSV978238301,0.589573747,0,1,0
541,다큐/교양,cjc|M0214647LSGL59891301,0.471837873,0,1,0
541,다큐/교양,cjc|M4670055LSGA79478701,0.463389244,0,1,0
541,SF/판타지,cjc|M4998473LSGI45854701,0.71293772,0,1,0
541,SF/판타지,cjc|M5033111LSVJ16032501,0.661148625,0,1,0
541,SF/판타지,cjc|M4824958LFOI44505601,0.638413501,0,1,0
541,SF/판타지,cjc|M4538150LSVA60391901,0.590783238,0,1,0
541,SF/판타지,cjc|M5042147LSVJ29952901,0.585196336,0,1,0
541,SF/판타지,cjc|M0397760LSGL24681301,0.576763364,0,1,0
541,SF/판타지,cjc|M4667125LSVK02345701,0.567873123,0,1,0
541,SF/판타지,cjc|M5155683LSVL57118801,0.560462439,0,1,0
541,SF/판타지,cjc|M4894583LSVI78797501,0.54886413,0,1,0
541,SF/판타지,cjc|M5157904LSVL62801101,0.434053532,0,1,0
541,기타,cjc|M4418756LFOJ02934901,0.799886373,0,1,0
541,기타,cjc|M4914359LSGI38869901,0.781120123,0,1,0
541,기타,cjc|M4270685LSGJ64004801,0.76029418,0,1,0
541,기타,cjc|M5083335LSVK62630301,0.717750245,0,1,0
541,기타,cjc|M5009422LSGI57887401,0.714987649,0,1,0
541,기타,cjc|M4269798LSGJ92416101,0.707819685,0,1,0
541,기타,cjc|M5190374LSVM52951801,0.675260397,0,1,0
541,기타,cjc|M4468283LSGK80533701,0.610981007,0,1,0
541,기타,cjc|M4673864LSGL20907901,0.595024142,0,1,0
541,기타,cjc|M0415595LSGK16876401,0.582595469,0,1,0
541,키즈/어린이,cjc|M5074472LSGK07380801,0.27688807,0,1,0
541,키즈/어린이,cjc|M5041802LSGJ29421501,0.04784038,0,1,0
541,키즈/어린이,cjc|M4535664LSGA83370401,-0.538503318,0,1,0
541,애니메이션,cjc|M4278791LSG431008301,0.345539435,0,1,0
541,애니메이션,cjc|M5211410LFON10009601,0.309582215,0,1,0
541,애니메이션,cjc|M5213177LFON15574601,0.188121503,0,1,0
541,애니메이션,cjc|M4623979LSGH20241401,0.075742958,0,1,0
541,애니메이션,cjc|M4608787LSG940130001,0.071012066,0,1,0
541,애니메이션,cjc|M5017197LSVI76947801,0.053842694,0,1,0
541,애니메이션,cjc|M4561624LSGG29770401,-0.177769345,0,1,0
541,애니메이션,cjc|M4401242LSG602676701,-0.377077576,0,1,0
541,애니메이션,cjc|M5222006LFON37996801,-0.812253811,0,1,0
541,예능/오락,cjc|M5148808LSGL28215901,0.667479457,0,1,0
541,예능/오락,cjc|M4761282LFOF13840001,0.512700847,0,1,0
541,예능/오락,cjc|M5138164LFOK95942401,0.503393339,0,1,0
541,예능/오락,cjc|M5223631LSGN42553301,0.383321715,0,1,0
541,예능/오락,cjc|M5086707LFOK53577501,0.29276986,0,1,0
541,예능/오락,cjc|M4751423LSGK29838001,0.141800723,0,1,0
541,예능/오락,cjc|M5158065LSGL58147201,-0.142220291,0,1,0
541,예능/오락,cjc|M5047586LSGJ43293501,-0.589222636,0,1,0
541,예능/오락,cjc|M4624511LSGK40111801,-0.612546797,0,1,0
541,스포츠,cjc|M5084886LSVL82783701,0.700652198,0,1,0
541,시사/교양,cjc|M5126007LSVK71702601,-0.055654814,0,1,0
541,시사/교양,cjc|M5158780LFOL74517101,-0.686528727,0,1,0
541,건강/생활정보,cjc|M5086935LSVK68139101,0.185008304,0,1,0
541,건강/생활정보,cjc|M5082409LSVK49579401,-0.241158756,0,1,0
541,건강/생활정보,cjc|M5086931LSVK50238201,-0.258545303,0,1,0
541,건강/생활정보,cjc|M5083415LSVK62638201,-0.630439843,0,1,0
436971,코미디,cjc|M5193738LSVM61967701,0.770563364,0,1,0
436971,코미디,cjc|M0399469LFOE98730801,0.738001614,0,1,0
436971,코미디,cjc|M5055564LSVJ62132501,0.722282077,0,1,0
436971,코미디,cjc|M4138032LSVK05972501,0.717046857,0,1,0
436971,코미디,cjc|M5023010LSVI87950701,0.706402078,0,1,0
436971,코미디,cjc|M4851298LFOK01369301,0.700879488,0,1,0
436971,코미디,cjc|M5093207LSVK61579901,0.696715233,0,1,0
436971,코미디,cjc|M4603345LSGL77153501,0.689752068,0,1,0
436971,코미디,cjc|M4739255LFOJ49513001,0.676952082,0,1,0
436971,코미디,cjc|M5012786LSVI68979101,0.636635775,0,1,0
436971,음악/공연,cjc|M5011216LSGK38724701,0.785713187,0,1,0
436971,음악/공연,cjc|M4793995LSGD74216001,0.680882327,0,1,0
436971,음악/공연,cjc|M4251538LSG411115801,0.651795255,0,1,0
436971,음악/공연,cjc|M5130376LSVK82953901,0.631724708,0,1,0
436971,음악/공연,cjc|M5140674LSVL05059901,0.61530232,0,1,0
436971,음악/공연,cjc|M0422568LSVI38400701,0.610097086,0,1,0
436971,음악/공연,cjc|M5160515LSVM08555101,0.527427121,0,1,0
436971,음악/공연,cjc|M4377222LSGK06839701,0.503235246,0,1,0
436971,음악/공연,cjc|M4996066LSGI39246501,0.38131541,0,1,0
436971,음악/공연,cjc|M4824215LSGG59942601,0.370283158,0,1,0
436971,드라마,cjc|M4997533LSVK07058601,0.945462747,0,1,0
436971,드라마,cjc|M4973227LSGH86354801,0.943412579,0,1,0
436971,드라마,cjc|M5154457LSVL48757501,0.931250957,0,1,0
436971,드라마,cjc|M4994557LSVI39248701,0.92522104,0,1,0
436971,드라마,cjc|M4653703LSGJ51428601,0.924177083,0,1,0
436971,드라마,cjc|M4888773LSGI38302401,0.920317086,0,1,0
436971,드라마,cjc|M5128350LSVK85268601,0.915414735,0,1,0
436971,드라마,cjc|M0319839LSGK67152101,0.914006678,0,1,0
436971,드라마,cjc|M4678186LSVA98927101,0.911561084,0,1,0
436971,드라마,cjc|M4486090LSGJ91037701,0.90862399,0,1,0
436971,로맨스,cjc|M5094290LSVK72211001,0.922620643,0,1,0
436971,로맨스,cjc|M5214242LSVN17740201,0.920844565,0,1,0
436971,로맨스,cjc|M4212554LSG545909801,0.909046799,0,1,0
436971,로맨스,cjc|M4883773LSVF49552201,0.904753852,0,1,0
436971,로맨스,cjc|M4418756LSVI39547901,0.900059905,0,1,0
436971,로맨스,cjc|M4969514LSVI64881001,0.887529228,0,1,0
436971,로맨스,cjc|M4310542LSG451337601,0.885955829,0,1,0
436971,로맨스,cjc|M5047460LSVJ42659601,0.872685213,0,1,0
436971,로맨스,cjc|M4920985LSVG38263301,0.852462381,0,1,0
436971,공포/스릴러,cjc|M4840931LSGJ44640701,0.930848343,0,1,0
436971,공포/스릴러,cjc|M5153083LFOL44235301,0.925991928,0,1,0
436971,공포/스릴러,cjc|M5077040LSVK31382401,0.921954293,0,1,0
436971,공포/스릴러,cjc|M4791301LSGL28635301,0.898263534,0,1,0
436971,공포/스릴러,cjc|M5032421LSVJ15711301,0.896806231,0,1,0
436971,공포/스릴러,cjc|M4788931LSGL11576501,0.893767676,0,1,0
436971,공포/스릴러,cjc|M4169037LSGJ44619301,0.893134522,0,1,0
436971,공포/스릴러,cjc|M5050856LSVM24661701,0.880746611,0,1,0
436971,공포/스릴러,cjc|M4673813LFOD87469801,0.879019842,0,1,0
436971,공포/스릴러,cjc|M4816911LSGI45713001,0.873254923,0,1,0
436971,액션/무협,cjc|M4961696LSVH60292001,0.924430776,0,1,0
436971,액션/무협,cjc|M5220116LSVN35617801,0.91782394,0,1,0
436971,액션/무협,cjc|M4723865LSGL41599901,0.893256527,0,1,0
436971,액션/무협,cjc|M4836729LSGE75425401,0.878398381,0,1,0
436971,액션/무협,cjc|M4693656LSGB76779801,0.874720676,0,1,0
436971,액션/무협,cjc|M4241862LSGM83328601,0.860052215,0,1,0
436971,액션/무협,cjc|M5045238LSVJ49554501,0.850899031,0,1,0
436971,액션/무협,cjc|M4593796LSVI29474901,0.849808213,0,1,0
436971,액션/무협,cjc|M4617067LSGC63501201,0.839815524,0,1,0
436971,액션/무협,cjc|M4859067LFOI41401501,0.837120695,0,1,0
436971,다큐/교양,cjc|M5141837LSGL09285601,0.902810659,0,1,0
436971,다큐/교양,cjc|M4836739LSVE73228301,0.807533559,0,1,0
436971,다큐/교양,cjc|M0360227LFOI35741001,0.77692736,0,1,0
436971,다큐/교양,cjc|M4800037LSGD86641701,0.768431818,0,1,0
436971,다큐/교양,cjc|M4251534LSGJ92419101,0.701075879,0,1,0
436971,다큐/교양,cjc|M4538915LSVK94205501,0.662418658,0,1,0
436971,다큐/교양,cjc|M4670055LSGA79478701,0.590679367,0,1,0
436971,다큐/교양,cjc|M4624294LSGJ75331301,0.572038831,0,1,0
436971,다큐/교양,cjc|M0214647LSGL59891301,0.563719954,0,1,0
436971,다큐/교양,cjc|M5167509LSVL78881501,0.556565954,0,1,0
436971,SF/판타지,cjc|M4998473LSGI45854701,0.742285951,0,1,0
436971,SF/판타지,cjc|M4538150LSVA60391901,0.663742235,0,1,0
436971,SF/판타지,cjc|M0397760LSGL24681301,0.637443757,0,1,0
436971,SF/판타지,cjc|M5033111LSVJ16032501,0.58328166,0,1,0
436971,SF/판타지,cjc|M4824958LFOI44505601,0.582307491,0,1,0
436971,SF/판타지,cjc|M5151992LSGL46906001,0.577919843,0,1,0
436971,SF/판타지,cjc|M5155683LSVL57118801,0.566228735,0,1,0
436971,SF/판타지,cjc|M5042147LSVJ29952901,0.555064852,0,1,0
436971,SF/판타지,cjc|M4667125LSVK02345701,0.506733957,0,1,0
436971,SF/판타지,cjc|M0413435LSGL23014001,0.490679466,0,1,0
436971,기타,cjc|M4418756LFOJ02934901,0.900059905,0,1,0
436971,기타,cjc|M4269798LSGJ92416101,0.789290762,0,1,0
436971,기타,cjc|M4270685LSGJ64004801,0.737321611,0,1,0
436971,기타,cjc|M5009422LSGI57887401,0.712722459,0,1,0
436971,기타,cjc|M5190374LSVM52951801,0.699252472,0,1,0
436971,기타,cjc|M5083335LSVK62630301,0.653123885,0,1,0
436971,기타,cjc|M4982398LSGI02689901,0.639733158,0,1,0
436971,기타,cjc|M4673864LSGL20907901,0.63156025,0,1,0
436971,기타,cjc|M4429686LSGN34108201,0.619969293,0,1,0
436971,기타,cjc|M4914359LSGI38869901,0.590673533,0,1,0
436971,키즈/어린이,cjc|M5041802LSGJ29421501,0.321699374,0,1,0
436971,키즈/어린이,cjc|M5074472LSGK07380801,0.237935165,0,1,0
436971,키즈/어린이,cjc|M4535664LSGA83370401,-0.471317819,0,1,0
436971,애니메이션,cjc|M5211410LFON10009601,0.238030154,0,1,0
436971,애니메이션,cjc|M5017197LSVI76947801,0.214857582,0,1,0
436971,애니메이션,cjc|M4278791LSG431008301,0.177936081,0,1,0
436971,애니메이션,cjc|M5213177LFON15574601,0.143830939,0,1,0
436971,애니메이션,cjc|M4608787LSG940130001,0.110121978,0,1,0
436971,애니메이션,cjc|M4623979LSGH20241401,0.018922516,0,1,0
436971,애니메이션,cjc|M4401242LSG602676701,-0.210161294,0,1,0
436971,애니메이션,cjc|M4561624LSGG29770401,-0.298775826,0,1,0
436971,애니메이션,cjc|M5222006LFON37996801,-0.798964749,0,1,0
436971,예능/오락,cjc|M5148808LSGL28215901,0.632313546,0,1,0
436971,예능/오락,cjc|M5138164LFOK95942401,0.627415374,0,1,0
436971,예능/오락,cjc|M5223631LSGN42553301,0.586609923,0,1,0
436971,예능/오락,cjc|M4761282LFOF13840001,0.440781444,0,1,0
436971,예능/오락,cjc|M5086707LFOK53577501,0.238018449,0,1,0
436971,예능/오락,cjc|M4751423LSGK29838001,0.140448976,0,1,0
436971,예능/오락,cjc|M5158065LSGL58147201,-0.234711669,0,1,0
436971,예능/오락,cjc|M4624511LSGK40111801,-0.394063755,0,1,0
436971,예능/오락,cjc|M5047586LSGJ43293501,-0.598069649,0,1,0
436971,스포츠,cjc|M5084886LSVL82783701,0.813079745,0,1,0
436971,시사/교양,cjc|M5126007LSVK71702601,-0.117308317,0,1,0
436971,시사/교양,cjc|M5158780LFOL74517101,-0.786055715,0,1,0
436971,건강/생활정보,cjc|M5086935LSVK68139101,0.232532265,0,1,0
436971,건강/생활정보,cjc|M5086931LSVK50238201,-0.202907659,0,1,0
436971,건강/생활정보,cjc|M5082409LSVK49579401,-0.231580189,0,1,0
436971,건강/생활정보,cjc|M5083415LSVK62638201,-0.684240423,0,1,0
449791,코미디,cjc|M5023010LSVI87950701,0.746036502,0,1,0
449791,코미디,cjc|M5193738LSVM61967701,0.726871608,0,1,0
449791,코미디,cjc|M5012786LSVI68979101,0.642039371,0,1,0
449791,코미디,cjc|M5055564LSVJ62132501,0.61318455,0,1,0
449791,코미디,cjc|M0201062LSGJ44371401,0.60350535,0,1,0
449791,코미디,cjc|M4245521LSGL77453301,0.580352359,0,1,0
449791,코미디,cjc|M4739255LFOJ49513001,0.572786443,0,1,0
449791,코미디,cjc|M4138032LSVK05972501,0.490171974,0,1,0
449791,코미디,cjc|M4751622LSVI39615001,0.481640744,0,1,0
449791,코미디,cjc|M5093207LSVK61579901,0.47967177,0,1,0
449791,음악/공연,cjc|M5130376LSVK82953901,0.564852952,0,1,0
449791,음악/공연,cjc|M5011216LSGK38724701,0.563639576,0,1,0
449791,음악/공연,cjc|M4793995LSGD74216001,0.420392016,0,1,0
449791,음악/공연,cjc|M4377222LSGK06839701,0.411836408,0,1,0
449791,음악/공연,cjc|M0422568LSVI38400701,0.376047836,0,1,0
449791,음악/공연,cjc|M4996066LSGI39246501,0.374778204,0,1,0
449791,음악/공연,cjc|M4251538LSG411115801,0.373690551,0,1,0
449791,음악/공연,cjc|M5140674LSVL05059901,0.25819792,0,1,0
449791,음악/공연,cjc|M4243801LSG410288701,0.190087491,0,1,0
449791,음악/공연,cjc|M5160515LSVM08555101,0.16830326,0,1,0
449791,드라마,cjc|M4991120LSVI16478701,0.936286172,0,1,0
449791,드라마,cjc|M4940564LFOL57790701,0.936286172,0,1,0
449791,드라마,cjc|M4874031LSGF32146601,0.90617506,0,1,0
449791,드라마,cjc|M4972464LFOH84391101,0.904622791,0,1,0
449791,드라마,cjc|M4689018LFOB21951801,0.900955996,0,1,0
449791,드라마,cjc|M4971630LSGH78317901,0.900221278,0,1,0
449791,드라마,cjc|M4940979LSGJ56758201,0.898681656,0,1,0
449791,드라마,cjc|M5046902LSGJ44415601,0.89630921,0,1,0
449791,드라마,cjc|M4730156LSGE75435101,0.891190783,0,1,0
449791,드라마,cjc|M4853365LSGM42194501,0.890604765,0,1,0
449791,로맨스,cjc|M5006306LSVJ07836801,0.890292667,0,1,0
449791,로맨스,cjc|M5214242LSVN17740201,0.884514965,0,1,0
449791,로맨스,cjc|M0390627LSGK94119001,0.828639502,0,1,0
449791,로맨스,cjc|M4310542LSG451337601,0.818379519,0,1,0
449791,로맨스,cjc|M4418756LSVI39547901,0.812066519,0,1,0
449791,로맨스,cjc|M5094290LSVK72211001,0.800780003,0,1,0
449791,로맨스,cjc|M4969514LSVI64881001,0.800217021,0,1,0
449791,로맨스,cjc|M5054780LSVJ59402601,0.786043842,0,1,0
449791,로맨스,cjc|M5152632LSVL40459701,0.785617281,0,1,0
449791,로맨스,cjc|M4920985LSVG38263301,0.776932556,0,1,0
449791,공포/스릴러,cjc|M0445384LSGK97540201,0.903208827,0,1,0
449791,공포/스릴러,cjc|M5072191LSVK38333401,0.895867237,0,1,0
449791,공포/스릴러,cjc|M4673813LFOD87469801,0.894842161,0,1,0
449791,공포/스릴러,cjc|M4983719LSVI07837101,0.87951234,0,1,0
449791,공포/스릴러,cjc|M4270984LSGL26647401,0.878361683,0,1,0
449791,공포/스릴러,cjc|M5014243LSGI72893801,0.852449971,0,1,0
449791,공포/스릴러,cjc|M4999940LSVJ23787301,0.838867045,0,1,0
449791,공포/스릴러,cjc|M4997251LSVI46142301,0.836658872,0,1,0
449791,공포/스릴러,cjc|M4667096LSVK02340101,0.833285322,0,1,0
449791,공포/스릴러,cjc|M5092553LSVK62588201,0.8312414,0,1,0
449791,액션/무협,cjc|M4942162LSVG88094501,0.863186207,0,1,0
449791,액션/무협,cjc|M4693656LSGB76779801,0.850224208,0,1,0
449791,액션/무협,cjc|M4241862LSGM83328601,0.842746106,0,1,0
449791,액션/무협,cjc|M4859067LFOI41401501,0.815711525,0,1,0
449791,액션/무협,cjc|M5204608LSVM96789701,0.813434582,0,1,0
449791,액션/무협,cjc|M4890740LSVF64083501,0.808540019,0,1,0
449791,액션/무협,cjc|M4889867LSVK92249601,0.793886431,0,1,0
449791,액션/무협,cjc|M4988067LSVI12501801,0.791489494,0,1,0
449791,액션/무협,cjc|M4688000LSGL44716601,0.790333213,0,1,0
449791,액션/무협,cjc|M5041042LSVJ54697301,0.788868614,0,1,0
449791,다큐/교양,cjc|M5141837LSGL09285601,0.825516154,0,1,0
449791,다큐/교양,cjc|M4836739LSVE73228301,0.821989369,0,1,0
449791,다큐/교양,cjc|M4800037LSGD86641701,0.716852004,0,1,0
449791,다큐/교양,cjc|M5071037LSGJ97647901,0.540403379,0,1,0
449791,다큐/교양,cjc|M0360227LFOI35741001,0.510903379,0,1,0
449791,다큐/교양,cjc|M4251534LSGJ92419101,0.473073091,0,1,0
449791,다큐/교양,cjc|M4624294LSGJ75331301,0.468298688,0,1,0
449791,다큐/교양,cjc|M0367753LSGL81885301,0.464128869,0,1,0
449791,다큐/교양,cjc|M5120084LSVK68731701,0.455402735,0,1,0
449791,다큐/교양,cjc|M5166953LSGL77012701,0.416649328,0,1,0
449791,SF/판타지,cjc|M5151992LSGL46906001,0.703161143,0,1,0
449791,SF/판타지,cjc|M4824958LFOI44505601,0.694814722,0,1,0
449791,SF/판타지,cjc|M4998473LSGI45854701,0.687903849,0,1,0
449791,SF/판타지,cjc|M4538150LSVA60391901,0.594247346,0,1,0
449791,SF/판타지,cjc|M5077047LSVK20858001,0.590089299,0,1,0
449791,SF/판타지,cjc|M4667125LSVK02345701,0.588487499,0,1,0
449791,SF/판타지,cjc|M5096008LSGK75609301,0.503490376,0,1,0
449791,SF/판타지,cjc|M0412444LSGL20952301,0.501245976,0,1,0
449791,SF/판타지,cjc|M4667105LSVK02340301,0.45246553,0,1,0
449791,SF/판타지,cjc|M5155683LSVL57118801,0.435411135,0,1,0
449791,기타,cjc|M4418756LFOJ02934901,0.812066519,0,1,0
449791,기타,cjc|M4270685LSGJ64004801,0.734954157,0,1,0
449791,기타,cjc|M5009422LSGI57887401,0.712536182,0,1,0
449791,기타,cjc|M5190374LSVM52951801,0.706344402,0,1,0
449791,기타,cjc|M4885462LSGG96911101,0.622584513,0,1,0
449791,기타,cjc|M4429686LSGN34108201,0.61239744,0,1,0
449791,기타,cjc|M5083335LSVK62630301,0.600685464,0,1,0
449791,기타,cjc|M4269798LSGJ92416101,0.582507028,0,1,0
449791,기타,cjc|M4914359LSGI38869901,0.552573684,0,1,0
449791,기타,cjc|M4468283LSGK80533701,0.468620063,0,1,0
449791,키즈/어린이,cjc|M5041802LSGJ29421501,0.186209287,0,1,0
449791,키즈/어린이,cjc|M5074472LSGK07380801,0.106802424,0,1,0
449791,키즈/어린이,cjc|M4535664LSGA83370401,-0.48805692,0,1,0
449791,애니메이션,cjc|M4278791LSG431008301,0.23861569,0,1,0
449791,애니메이션,cjc|M5017197LSVI76947801,0.139473705,0,1,0
449791,애니메이션,cjc|M5211410LFON10009601,0.042841096,0,1,0
449791,애니메이션,cjc|M5213177LFON15574601,0.039850118,0,1,0
449791,애니메이션,cjc|M4623979LSGH20241401,0.034193268,0,1,0
449791,애니메이션,cjc|M4608787LSG940130001,-0.061920796,0,1,0
449791,애니메이션,cjc|M4561624LSGG29770401,-0.228343646,0,1,0
449791,애니메이션,cjc|M4401242LSG602676701,-0.527359287,0,1,0
449791,애니메이션,cjc|M5222006LFON37996801,-0.648589464,0,1,0
449791,예능/오락,cjc|M5148808LSGL28215901,0.630096953,0,1,0
449791,예능/오락,cjc|M4761282LFOF13840001,0.425708506,0,1,0
449791,예능/오락,cjc|M5086707LFOK53577501,0.31412381,0,1,0
449791,예능/오락,cjc|M5138164LFOK95942401,0.206012917,0,1,0
449791,예능/오락,cjc|M5223631LSGN42553301,0.177093717,0,1,0
449791,예능/오락,cjc|M4751423LSGK29838001,-0.002768817,0,1,0
449791,예능/오락,cjc|M4624511LSGK40111801,-0.292715214,0,1,0
449791,예능/오락,cjc|M5158065LSGL58147201,-0.356423965,0,1,0
449791,예능/오락,cjc|M5047586LSGJ43293501,-0.48821058,0,1,0
449791,스포츠,cjc|M5084886LSVL82783701,0.743645011,0,1,0
449791,시사/교양,cjc|M5126007LSVK71702601,-0.115664489,0,1,0
449791,시사/교양,cjc|M5158780LFOL74517101,-0.528635079,0,1,0
449791,건강/생활정보,cjc|M5086935LSVK68139101,0.043843872,0,1,0
449791,건강/생활정보,cjc|M5082409LSVK49579401,-0.090780994,0,1,0
449791,건강/생활정보,cjc|M5086931LSVK50238201,-0.303244838,0,1,0
449791,건강/생활정보,cjc|M5083415LSVK62638201,-0.522691121,0,1,0
541,코미디,cjc|M5193738LSVM61967701,0.657481246,0,0,1
541,코미디,cjc|M5023010LSVI87950701,0.657251725,0,0,1
541,코미디,cjc|M4851298LFOK01369301,0.608231262,0,0,1
541,코미디,cjc|M0399469LFOE98730801,0.551422976,0,0,1
541,코미디,cjc|M4603345LSGL77153501,0.53216232,0,0,1
541,코미디,cjc|M4739255LFOJ49513001,0.496071275,0,0,1
541,코미디,cjc|M5055564LSVJ62132501,0.493918137,0,0,1
541,코미디,cjc|M5012786LSVI68979101,0.454387172,0,0,1
541,코미디,cjc|M4243533LSGK07058201,0.4523007,0,0,1
541,코미디,cjc|M4138032LSVK05972501,0.449682171,0,0,1
541,음악/공연,cjc|M4793995LSGD74216001,0.610342034,0,0,1
541,음악/공연,cjc|M5130376LSVK82953901,0.588682492,0,0,1
541,음악/공연,cjc|M5011216LSGK38724701,0.55857792,0,0,1
541,음악/공연,cjc|M0422568LSVI38400701,0.554511836,0,0,1
541,음악/공연,cjc|M4251538LSG411115801,0.550304409,0,0,1
541,음악/공연,cjc|M5140674LSVL05059901,0.499837325,0,0,1
541,음악/공연,cjc|M5160515LSVM08555101,0.407030374,0,0,1
541,음악/공연,cjc|M4996066LSGI39246501,0.335082175,0,0,1
541,음악/공연,cjc|M4377222LSGK06839701,0.271489877,0,0,1
541,음악/공연,cjc|M4797096LSGM86094801,0.228757565,0,0,1
541,드라마,cjc|M4901453LSGI83753201,0.969895692,0,0,1
541,드라마,cjc|M4997533LSVK07058601,0.93141512,0,0,1
541,드라마,cjc|M4820153LSVK40470501,0.920141524,0,0,1
541,드라마,cjc|M0237190LSGI45733001,0.915299544,0,0,1
541,드라마,cjc|M0120426LSGK94144601,0.915285214,0,0,1
541,드라마,cjc|M4888773LSGI38302401,0.906368818,0,0,1
541,드라마,cjc|M4222675LSVK92186801,0.905812073,0,0,1
541,드라마,cjc|M4782380LSVE73232801,0.894005905,0,0,1
541,드라마,cjc|M4636317LSGI45920401,0.877969274,0,0,1
541,드라마,cjc|M4965275LSGK90966301,0.876835849,0,0,1
541,로맨스,cjc|M5214242LSVN17740201,0.904182306,0,0,1
541,로맨스,cjc|M0390627LSGK94119001,0.842222543,0,0,1
541,로맨스,cjc|M5152632LSVL40459701,0.819863787,0,0,1
541,로맨스,cjc|M4310542LSG451337601,0.79899933,0,0,1
541,로맨스,cjc|M4418756LSVI39547901,0.796842318,0,0,1
541,로맨스,cjc|M5055558LSVJ62132201,0.777982115,0,0,1
541,로맨스,cjc|M5047460LSVJ42659601,0.766819347,0,0,1
541,로맨스,cjc|M4922932LSVG44946901,0.740566918,0,0,1
541,로맨스,cjc|M4212554LSG545909801,0.739410821,0,0,1
541,액션/무협,cjc|M4836729LSGE75425401,0.812956105,0,0,1
541,액션/무협,cjc|M0403890LFOJ19331101,0.778420663,0,0,1
541,액션/무협,cjc|M4688000LSGL44716601,0.760327748,0,0,1
541,액션/무협,cjc|M4009785LSGL77576201,0.742121333,0,0,1
541,액션/무협,cjc|M4839675LSGE75431701,0.738923951,0,0,1
541,액션/무협,cjc|M4859067LFOI41401501,0.708716636,0,0,1
541,액션/무협,cjc|M4889867LSVK92249601,0.689134246,0,0,1
541,액션/무협,cjc|M5043985LSVJ32716701,0.661891533,0,0,1
541,액션/무협,cjc|M0429659LSGL13142201,0.63989711,0,0,1
541,액션/무협,cjc|M5045523LSVJ37588601,0.626586639,0,0,1
541,다큐/교양,cjc|M4800037LSGD86641701,0.872800114,0,0,1
541,다큐/교양,cjc|M5141837LSGL09285601,0.872018415,0,0,1
541,다큐/교양,cjc|M4836739LSVE73228301,0.815260522,0,0,1
541,다큐/교양,cjc|M0360227LFOI35741001,0.745148232,0,0,1
541,다큐/교양,cjc|M4251534LSGJ92419101,0.64603248,0,0,1
541,다큐/교양,cjc|M4624294LSGJ75331301,0.590206616,0,0,1
541,다큐/교양,cjc|M0367753LSGL81885301,0.572838957,0,0,1
541,다큐/교양,cjc|M4631101LSV978238301,0.545259665,0,0,1
541,다큐/교양,cjc|M0214647LSGL59891301,0.383758267,0,0,1
541,다큐/교양,cjc|M0202504LSGK11952701,0.377149967,0,0,1
541,SF/판타지,cjc|M5042147LSVJ29952901,0.519575763,0,0,1
541,SF/판타지,cjc|M4894583LSVI78797501,0.479984305,0,0,1
541,SF/판타지,cjc|M4233831LSGJ92411801,0.219269006,0,0,1
541,SF/판타지,cjc|M5088157LSVK46869701,0.198410397,0,0,1
541,SF/판타지,cjc|M5088156LSVK46869601,0.159300526,0,0,1
541,SF/판타지,cjc|M4716117LSGB78463201,0.01748287,0,0,1
541,SF/판타지,cjc|M4975252LSVI39167901,-0.120912717,0,0,1
541,SF/판타지,cjc|M4808887LSVL57842701,-0.210313696,0,0,1
541,SF/판타지,cjc|M5057133LSVJ65139601,-0.23910525,0,0,1
541,SF/판타지,cjc|M0217452LSGL77452701,-0.398556698,0,0,1
541,공포/스릴러,cjc|M0445384LSGK97540201,0.807173819,0,0,1
541,공포/스릴러,cjc|M4754105LSGE75418701,0.786627153,0,0,1
541,공포/스릴러,cjc|M4816911LSGI45713001,0.774961559,0,0,1
541,공포/스릴러,cjc|M0361359LSGI65857001,0.666458142,0,0,1
541,공포/스릴러,cjc|M5007491LSVI52817801,0.638753613,0,0,1
541,공포/스릴러,cjc|M4974260LSVH84078701,0.621122295,0,0,1
541,공포/스릴러,cjc|M5038940LSVJ24848401,0.595837089,0,0,1
541,공포/스릴러,cjc|M4860642LSGF02192001,0.558161766,0,0,1
541,공포/스릴러,cjc|M4867699LSVK08288701,0.554952362,0,0,1
541,공포/스릴러,cjc|M4647490LSGJ32803001,0.532604003,0,0,1
541,기타,cjc|M4418756LFOJ02934901,0.796842318,0,0,1
541,기타,cjc|M4914359LSGI38869901,0.737927357,0,0,1
541,기타,cjc|M4270685LSGJ64004801,0.721089521,0,0,1
541,기타,cjc|M5190374LSVM52951801,0.663425429,0,0,1
541,기타,cjc|M4269798LSGJ92416101,0.660280248,0,0,1
541,기타,cjc|M4673864LSGL20907901,0.543031898,0,0,1
541,기타,cjc|M4468283LSGK80533701,0.498408344,0,0,1
541,기타,cjc|M4429686LSGN34108201,0.497721449,0,0,1
541,기타,cjc|M0415595LSGK16876401,0.483011027,0,0,1
541,기타,cjc|M4982398LSGI02689901,0.457095525,0,0,1
541,애니메이션,cjc|M4278791LSG431008301,0.170933895,0,0,1
541,애니메이션,cjc|M4623979LSGH20241401,0.001796396,0,0,1
541,애니메이션,cjc|M4608787LSG940130001,-0.034714871,0,0,1
541,애니메이션,cjc|M5017197LSVI76947801,-0.068278232,0,0,1
541,애니메이션,cjc|M4401242LSG602676701,-0.559462399,0,0,1
541,예능/오락,cjc|M5138164LFOK95942401,0.462213016,0,0,1
541,예능/오락,cjc|M5223631LSGN42553301,0.317246489,0,0,1
436971,코미디,cjc|M0399469LFOE98730801,0.821263718,0,0,1
436971,코미디,cjc|M5092074LSVK57907701,0.631199781,0,0,1
436971,코미디,cjc|M4820359LSGI39769401,0.630169627,0,0,1
436971,코미디,cjc|M4682521LFOI31558101,0.61039602,0,0,1
436971,코미디,cjc|M5093207LSVK61579901,0.594874008,0,0,1
436971,코미디,cjc|M5184970LSVM38571901,0.567187228,0,0,1
436971,코미디,cjc|M5023010LSVI87950701,0.564079212,0,0,1
436971,코미디,cjc|M4851298LFOK01369301,0.553850185,0,0,1
436971,코미디,cjc|M4603345LSGL77153501,0.550704967,0,0,1
436971,코미디,cjc|M4299778LSG449119801,0.502485093,0,0,1
436971,음악/공연,cjc|M4793995LSGD74216001,0.790461523,0,0,1
436971,음악/공연,cjc|M4251538LSG411115801,0.789673121,0,0,1
436971,음악/공연,cjc|M5011216LSGK38724701,0.781262099,0,0,1
436971,음악/공연,cjc|M5140674LSVL05059901,0.744173492,0,0,1
436971,음악/공연,cjc|M0422568LSVI38400701,0.702857657,0,0,1
436971,음악/공연,cjc|M5160515LSVM08555101,0.684791037,0,0,1
436971,음악/공연,cjc|M4335269LSG466824001,0.479262315,0,0,1
436971,음악/공연,cjc|M4824215LSGG59942601,0.473309909,0,0,1
436971,음악/공연,cjc|M5130376LSVK82953901,0.388953098,0,0,1
436971,음악/공연,cjc|M5011218LSGK38724801,0.327346195,0,0,1
436971,드라마,cjc|M4486090LSGJ91037701,0.939275898,0,0,1
436971,드라마,cjc|M5015118LSVI71881001,0.907925909,0,0,1
436971,드라마,cjc|M4921985LSGI45247901,0.88755835,0,0,1
436971,드라마,cjc|M4988357LSGL13057601,0.880172362,0,0,1
436971,드라마,cjc|M4585264LSGK67247801,0.878565144,0,0,1
436971,드라마,cjc|M4723138LSGI45666301,0.872903623,0,0,1
436971,드라마,cjc|M4646106LSGC99069401,0.870830647,0,0,1
436971,드라마,cjc|M0452309LSGL12950201,0.864926328,0,0,1
436971,드라마,cjc|M4867756LSGF17366801,0.862287106,0,0,1
436971,드라마,cjc|M4130258LSG401473301,0.859363985,0,0,1
436971,로맨스,cjc|M4830135LSVJ32312101,0.863099953,0,0,1
436971,로맨스,cjc|M4212554LSG545909801,0.837093249,0,0,1
436971,로맨스,cjc|M5055558LSVJ62132201,0.818780877,0,0,1
436971,로맨스,cjc|M4617969LSGL98545101,0.805537415,0,0,1
436971,로맨스,cjc|M4546386LSGL13314401,0.802694967,0,0,1
436971,로맨스,cjc|M4532268LSGB42155301,0.788726988,0,0,1
436971,로맨스,cjc|M4418756LSVI39547901,0.776286122,0,0,1
436971,로맨스,cjc|M4129920LSG700190901,0.774041212,0,0,1
436971,로맨스,cjc|M5047460LSVJ42659601,0.749421003,0,0,1
436971,액션/무협,cjc|M4836729LSGE75425401,0.896603891,0,0,1
436971,액션/무협,cjc|M5173014LSGL97700401,0.851277809,0,0,1
436971,액션/무협,cjc|M0429659LSGL13142201,0.833380361,0,0,1
436971,액션/무협,cjc|M0403890LFOJ19331101,0.830551852,0,0,1
436971,액션/무협,cjc|M4889867LSVK92249601,0.720300884,0,0,1
436971,액션/무협,cjc|M4009785LSGL77576201,0.696531941,0,0,1
436971,액션/무협,cjc|M4688000LSGL44716601,0.638662439,0,0,1
436971,액션/무협,cjc|M5205271LSVM96074101,0.630537009,0,0,1
436971,액션/무협,cjc|M4521421LSGK06858701,0.598766511,0,0,1
436971,액션/무협,cjc|M0355272LFOI44639101,0.589073308,0,0,1
436971,다큐/교양,cjc|M4251534LSGJ92419101,0.820093279,0,0,1
436971,다큐/교양,cjc|M5141837LSGL09285601,0.794712202,0,0,1
436971,다큐/교양,cjc|M4670055LSGA79478701,0.696991091,0,0,1
436971,다큐/교양,cjc|M4800037LSGD86641701,0.611196097,0,0,1
436971,다큐/교양,cjc|M4985167LSVI05527601,0.594634811,0,0,1
436971,다큐/교양,cjc|M4836739LSVE73228301,0.575766837,0,0,1
436971,다큐/교양,cjc|M4631101LSV978238301,0.562048308,0,0,1
436971,다큐/교양,cjc|M5167509LSVL78881501,0.548658045,0,0,1
436971,다큐/교양,cjc|M4959826LSVH34622101,0.511935734,0,0,1
436971,다큐/교양,cjc|M0360227LFOI35741001,0.490394653,0,0,1
436971,SF/판타지,cjc|M5042147LSVJ29952901,0.570429998,0,0,1
436971,SF/판타지,cjc|M4894583LSVI78797501,0.470685503,0,0,1
436971,SF/판타지,cjc|M5088157LSVK46869701,0.448266039,0,0,1
436971,SF/판타지,cjc|M5088156LSVK46869601,0.388993226,0,0,1
436971,SF/판타지,cjc|M4233831LSGJ92411801,0.16562316,0,0,1
436971,SF/판타지,cjc|M4716117LSGB78463201,0.071491294,0,0,1
436971,SF/판타지,cjc|M4808887LSVL57842701,-0.127100515,0,0,1
436971,SF/판타지,cjc|M4975252LSVI39167901,-0.224553094,0,0,1
436971,SF/판타지,cjc|M0217452LSGL77452701,-0.471731934,0,0,1
436971,SF/판타지,cjc|M4506731LSGK42364701,-0.481430656,0,0,1
436971,공포/스릴러,cjc|M0365100LSG594536701,0.799612624,0,0,1
436971,공포/스릴러,cjc|M0445384LSGK97540201,0.733583353,0,0,1
436971,공포/스릴러,cjc|M0361359LSGI65857001,0.71002115,0,0,1
436971,공포/스릴러,cjc|M4816911LSGI45713001,0.70601518,0,0,1
436971,공포/스릴러,cjc|M5007491LSVI52817801,0.680014128,0,0,1
436971,공포/스릴러,cjc|M4867699LSVK08288701,0.66049242,0,0,1
436971,공포/스릴러,cjc|M0306838LSGN15535601,0.621590836,0,0,1
436971,공포/스릴러,cjc|M4754105LSGE75418701,0.55409914,0,0,1
436971,공포/스릴러,cjc|M0217576LSGJ44772501,0.533422668,0,0,1
436971,공포/스릴러,cjc|M4931149LSGL80564001,0.525174429,0,0,1
436971,기타,cjc|M4418756LFOJ02934901,0.776286122,0,0,1
436971,기타,cjc|M4673864LSGL20907901,0.771937066,0,0,1
436971,기타,cjc|M4269798LSGJ92416101,0.731594797,0,0,1
436971,기타,cjc|M4982398LSGI02689901,0.686062393,0,0,1
436971,기타,cjc|M4138960LSGK05350201,0.616152367,0,0,1
436971,기타,cjc|M4429686LSGN34108201,0.58831379,0,0,1
436971,기타,cjc|M4270685LSGJ64004801,0.519385808,0,0,1
436971,기타,cjc|M4864979LSGF13106901,0.503435666,0,0,1
436971,기타,cjc|M4209489LFOM60925801,0.494634169,0,0,1
436971,기타,cjc|M4541536LSG818162401,0.43858516,0,0,1
436971,애니메이션,cjc|M4278791LSG431008301,0.180663723,0,0,1
436971,애니메이션,cjc|M4623979LSGH20241401,-0.061051601,0,0,1
436971,애니메이션,cjc|M5017197LSVI76947801,-0.200557894,0,0,1
436971,애니메이션,cjc|M4608787LSG940130001,-0.2425,0,0,1
436971,애니메이션,cjc|M4401242LSG602676701,-0.437391355,0,0,1
436971,예능/오락,cjc|M5138164LFOK95942401,0.761218632,0,0,1
436971,예능/오락,cjc|M5223631LSGN42553301,0.61435937,0,0,1
449791,코미디,cjc|M4243533LSGK07058201,0.776670046,0,0,1
449791,코미디,cjc|M5193738LSVM61967701,0.706384345,0,0,1
449791,코미디,cjc|M4245521LSGL77453301,0.655355394,0,0,1
449791,코미디,cjc|M5023010LSVI87950701,0.618181958,0,0,1
449791,코미디,cjc|M4603345LSGL77153501,0.574730258,0,0,1
449791,코미디,cjc|M0399469LFOE98730801,0.523924571,0,0,1
449791,코미디,cjc|M4769012LSGL93303701,0.521986573,0,0,1
449791,코미디,cjc|M5012786LSVI68979101,0.505299781,0,0,1
449791,코미디,cjc|M5092074LSVK57907701,0.466177126,0,0,1
449791,코미디,cjc|M0174391LSGL06795701,0.428859529,0,0,1
449791,음악/공연,cjc|M5011216LSGK38724701,0.565009526,0,0,1
449791,음악/공연,cjc|M4793995LSGD74216001,0.420504607,0,0,1
449791,음악/공연,cjc|M4996066LSGI39246501,0.417470129,0,0,1
449791,음악/공연,cjc|M4377222LSGK06839701,0.381568142,0,0,1
449791,음악/공연,cjc|M4251538LSG411115801,0.334749087,0,0,1
449791,음악/공연,cjc|M0422568LSVI38400701,0.325462233,0,0,1
449791,음악/공연,cjc|M4243801LSG410288701,0.300057701,0,0,1
449791,음악/공연,cjc|M5140674LSVL05059901,0.266928273,0,0,1
449791,음악/공연,cjc|M5130376LSVK82953901,0.222819715,0,0,1
449791,음악/공연,cjc|M4797096LSGM86094801,0.201205867,0,0,1
449791,드라마,cjc|M4895173LSGI38585501,0.95357431,0,0,1
449791,드라마,cjc|M5038930LSVJ24847901,0.901708435,0,0,1
449791,드라마,cjc|M4794815LSGI39723401,0.895587783,0,0,1
449791,드라마,cjc|M5085957LSGK53288701,0.893656065,0,0,1
449791,드라마,cjc|M4705335LSGK03971801,0.883580437,0,0,1
449791,드라마,cjc|M4831602LSVF99610401,0.870945801,0,0,1
449791,드라마,cjc|M5152457LSGL40770001,0.870412346,0,0,1
449791,드라마,cjc|M5172741LSVL97712001,0.869107271,0,0,1
449791,드라마,cjc|M4302540LSGE68969301,0.866669443,0,0,1
449791,드라마,cjc|M4128546LSGK40126801,0.859866993,0,0,1
449791,로맨스,cjc|M5152632LSVL40459701,0.830882783,0,0,1
449791,로맨스,cjc|M4418756LSVI39547901,0.778180324,0,0,1
449791,로맨스,cjc|M4560042LSV849142601,0.760503109,0,0,1
449791,로맨스,cjc|M0390627LSGK94119001,0.74685407,0,0,1
449791,로맨스,cjc|M4310542LSG451337601,0.730759232,0,0,1
449791,로맨스,cjc|M5214242LSVN17740201,0.710410589,0,0,1
449791,로맨스,cjc|M4830135LSVJ32312101,0.702729336,0,0,1
449791,로맨스,cjc|M0429669LFOI35740901,0.700903679,0,0,1
449791,로맨스,cjc|M4535372LSG816190201,0.700270593,0,0,1
449791,액션/무협,cjc|M4688000LSGL44716601,0.83967785,0,0,1
449791,액션/무협,cjc|M4009785LSGL77576201,0.827810677,0,0,1
449791,액션/무협,cjc|M4879753LSGF43785901,0.806463677,0,0,1
449791,액션/무협,cjc|M0429659LSGL13142201,0.746694644,0,0,1
449791,액션/무협,cjc|M5173014LSGL97700401,0.697265258,0,0,1
449791,액션/무협,cjc|M4839675LSGE75431701,0.694721557,0,0,1
449791,액션/무협,cjc|M4836729LSGE75425401,0.685303839,0,0,1
449791,액션/무협,cjc|M5045523LSVJ37588601,0.664095494,0,0,1
449791,액션/무협,cjc|M0403890LFOJ19331101,0.615111267,0,0,1
449791,액션/무협,cjc|M5205271LSVM96074101,0.614910287,0,0,1
449791,다큐/교양,cjc|M4836739LSVE73228301,0.756239416,0,0,1
449791,다큐/교양,cjc|M5071037LSGJ97647901,0.683033513,0,0,1
449791,다큐/교양,cjc|M4800037LSGD86641701,0.681344427,0,0,1
449791,다큐/교양,cjc|M0367753LSGL81885301,0.654811035,0,0,1
449791,다큐/교양,cjc|M5141837LSGL09285601,0.620614399,0,0,1
449791,다큐/교양,cjc|M5167509LSVL78881501,0.527390658,0,0,1
449791,다큐/교양,cjc|M5120084LSVK68731701,0.448371526,0,0,1
449791,다큐/교양,cjc|M0355213LFOI58981701,0.424716918,0,0,1
449791,다큐/교양,cjc|M4251534LSGJ92419101,0.410893887,0,0,1
449791,다큐/교양,cjc|M4624294LSGJ75331301,0.382220915,0,0,1
449791,SF/판타지,cjc|M4894583LSVI78797501,0.507243594,0,0,1
449791,SF/판타지,cjc|M5042147LSVJ29952901,0.278265538,0,0,1
449791,SF/판타지,cjc|M4233831LSGJ92411801,0.245141999,0,0,1
449791,SF/판타지,cjc|M5088156LSVK46869601,0.076558222,0,0,1
449791,SF/판타지,cjc|M0217452LSGL77452701,0.040990813,0,0,1
449791,SF/판타지,cjc|M4716117LSGB78463201,0.01020179,0,0,1
449791,SF/판타지,cjc|M4975252LSVI39167901,-0.020897202,0,0,1
449791,SF/판타지,cjc|M5088157LSVK46869701,-0.043456351,0,0,1
449791,SF/판타지,cjc|M4299131LSG448722801,-0.182622848,0,0,1
449791,SF/판타지,cjc|M4506731LSGK42364701,-0.256523373,0,0,1
449791,공포/스릴러,cjc|M0445384LSGK97540201,0.84381294,0,0,1
449791,공포/스릴러,cjc|M0306838LSGN15535601,0.682545494,0,0,1
449791,공포/스릴러,cjc|M5043981LSVJ32717501,0.677644353,0,0,1
449791,공포/스릴러,cjc|M0361359LSGI65857001,0.674795334,0,0,1
449791,공포/스릴러,cjc|M4895584LFOI64873501,0.659775292,0,0,1
449791,공포/스릴러,cjc|M4860642LSGF02192001,0.649855828,0,0,1
449791,공포/스릴러,cjc|M4867699LSVK08288701,0.636708896,0,0,1
449791,공포/스릴러,cjc|M0217576LSGJ44772501,0.622372271,0,0,1
449791,공포/스릴러,cjc|M5038940LSVJ24848401,0.613978662,0,0,1
449791,공포/스릴러,cjc|M4457923LSG669856501,0.582329277,0,0,1
449791,기타,cjc|M4418756LFOJ02934901,0.778180324,0,0,1
449791,기타,cjc|M4270685LSGJ64004801,0.6694184,0,0,1
449791,기타,cjc|M4429686LSGN34108201,0.667607289,0,0,1
449791,기타,cjc|M5190374LSVM52951801,0.616930614,0,0,1
449791,기타,cjc|M4885462LSGG96911101,0.578531606,0,0,1
449791,기타,cjc|M4269798LSGJ92416101,0.459769138,0,0,1
449791,기타,cjc|M4673864LSGL20907901,0.453129502,0,0,1
449791,기타,cjc|M4914359LSGI38869901,0.439244178,0,0,1
449791,기타,cjc|M5197711LSVM71939901,0.392508366,0,0,1
449791,기타,cjc|M0415595LSGK16876401,0.363542193,0,0,1
449791,애니메이션,cjc|M4278791LSG431008301,0.142020206,0,0,1
449791,애니메이션,cjc|M4623979LSGH20241401,0.028720353,0,0,1
449791,애니메이션,cjc|M4608787LSG940130001,0.003995111,0,0,1
449791,애니메이션,cjc|M5017197LSVI76947801,-0.018163009,0,0,1
449791,애니메이션,cjc|M4401242LSG602676701,-0.316382061,0,0,1
449791,예능/오락,cjc|M5223631LSGN42553301,0.326000591,0,0,1
449791,예능/오락,cjc|M5138164LFOK95942401,0.269060094,0,0,1
